Equipment_ID,Time,Quality,Time_Constant,Quality_Prediction,Cost,Cost_Prediction
1,0.0,0.0,22.483570765056164,0.0010240674,46781.93016894808,46050.984
1,1.0101010101010102,0.0,22.483570765056164,-0.000115573406,47423.71464777821,46165.72
1,2.0202020202020203,0.0,22.483570765056164,0.0016029775,45196.90320271567,46280.46
1,3.0303030303030303,0.0,22.483570765056164,-0.003434658,46290.84563793003,46395.203
1,4.040404040404041,0.0,22.483570765056164,-0.00037246943,48656.787487800415,46509.945
1,5.050505050505051,0.0,22.483570765056164,0.0012685955,47257.44623963126,46624.684
1,6.0606060606060606,0.0,22.483570765056164,0.0027163029,45629.90270941238,46739.43
1,7.070707070707071,0.0,22.483570765056164,0.007232249,46262.527776484596,46854.17
1,8.080808080808081,0.08537580698939776,22.483570765056164,0.050403357,46378.36770329266,46968.91
1,9.090909090909092,0.08668427485716715,22.483570765056164,0.091206804,47513.437829279035,47083.652
1,10.101010101010102,0.1350293377904351,22.483570765056164,0.13052914,47022.85912247282,47198.39
1,11.111111111111112,0.21594173334535963,22.483570765056164,0.16985139,46844.906349133766,47313.137
1,12.121212121212121,0.1509724591892143,22.483570765056164,0.20872739,47560.88819680899,47427.875
1,13.131313131313131,0.2006317859236897,22.483570765056164,0.24743567,48091.8092248764,47542.617
1,14.141414141414142,0.2966226798428175,22.483570765056164,0.28615975,47416.3727060272,47657.36
1,15.151515151515152,0.30973044933397115,22.483570765056164,0.32488698,47166.28036073386,47772.094
1,16.161616161616163,0.4096408403774891,22.483570765056164,0.36341792,47389.32155784647,47886.84
1,17.171717171717173,0.3801406507473722,22.483570765056164,0.40194875,48224.71294447004,48001.58
1,18.181818181818183,0.3847226194799588,22.483570765056164,0.44040203,47955.8260246938,48116.32
1,19.191919191919194,0.5567154362267658,22.483570765056164,0.47878754,48813.0591999577,48231.062
1,20.202020202020204,0.49864700244558313,22.483570765056164,0.5030433,46982.767962627804,48345.805
1,21.212121212121215,0.5383234025833459,22.483570765056164,0.52392644,47448.26460529401,48460.547
1,22.222222222222225,0.4873227722178895,22.483570765056164,0.5448098,49092.02373052695,48575.285
1,23.232323232323235,0.5536433760965583,22.483570765056164,0.56508917,47616.57918693268,48690.03
1,24.242424242424242,0.6074812044058933,22.483570765056164,0.58512306,49906.18889711767,48804.773
1,25.252525252525253,0.5643036986030171,22.483570765056164,0.60515714,50035.386624223735,48919.516
1,26.262626262626263,0.6594726657988168,22.483570765056164,0.62519073,50134.75720425594,49034.25
1,27.272727272727273,0.6284718697576929,22.483570765056164,0.64516735,47978.2827569107,49148.992
1,28.282828282828284,0.6607779523274413,22.483570765056164,0.6649141,49056.55264095942,49263.734
1,29.292929292929294,0.6612359891525714,22.483570765056164,0.6846609,48611.201319363834,49378.477
1,30.303030303030305,0.7990470065780211,22.483570765056164,0.70081866,50157.01451135936,49493.22
1,31.313131313131315,0.7200728471314456,22.483570765056164,0.70637584,51073.91695040406,49607.957
1,32.323232323232325,0.6814260804321947,22.483570765056164,0.71193314,50378.60349832712,49722.7
1,33.333333333333336,0.7882955466652373,22.483570765056164,0.7174903,49656.102506655945,49837.438
1,34.343434343434346,0.6983161881961435,22.483570765056164,0.723048,49427.60493456527,49952.18
1,35.35353535353536,0.7813630476197271,22.483570765056164,0.72860503,50592.659026766865,50066.926
1,36.36363636363637,0.683904896001801,22.483570765056164,0.7341627,48875.368812460336,50181.668
1,37.37373737373738,0.7258880293819592,22.483570765056164,0.73971975,50793.49042877354,50296.406
1,38.38383838383839,0.8120209832039939,22.483570765056164,0.74527705,49505.61750464396,50411.15
1,39.3939393939394,0.8484828170284981,22.483570765056164,0.75083417,51208.25268363868,50525.89
1,40.40404040404041,0.8290379501477174,22.483570765056164,0.75639164,50598.40511484353,50755.367
1,41.41414141414142,0.8231514679266344,22.483570765056164,0.7619492,50546.958109017556,50989.062
1,42.42424242424243,0.821921585001223,22.483570765056164,0.767506,50229.83214271085,51222.758
1,43.43434343434344,0.7706948778345156,22.483570765056164,0.77306336,50942.96349157497,51456.45
1,44.44444444444445,0.815895705419028,22.483570765056164,0.7786209,52044.43630893853,51690.15
1,45.45454545454546,0.8357657823137015,22.483570765056164,0.784178,52725.02310664256,51923.844
1,46.46464646464647,0.9182254487089616,22.483570765056164,0.7897355,52404.700634635876,52157.54
1,47.47474747474748,0.8888015128629758,22.483570765056164,0.7952927,53443.470967553505,52391.234
1,48.484848484848484,0.7894162898444975,22.483570765056164,0.80085015,54824.32112149889,52624.93
1,49.494949494949495,0.8994324558236738,22.483570765056164,0.8064077,52170.483401751764,52858.625
1,50.505050505050505,0.8693612771062177,22.483570765056164,0.8119646,52503.1655890942,53092.32
1,51.515151515151516,0.859897661965179,22.483570765056164,0.81752205,51487.29079737288,53326.02
1,52.525252525252526,0.929210451079659,22.483570765056164,0.8230792,54340.60143229523,53559.715
1,53.535353535353536,0.9548265119454132,22.483570765056164,0.82863665,54676.054913828935,53793.414
1,54.54545454545455,0.9542692870012285,22.483570765056164,0.8341938,52740.53785915569,54027.11
1,55.55555555555556,0.8699631619948398,22.483570765056164,0.8397513,54460.59276861512,54260.805
1,56.56565656565657,0.9004827390519612,22.483570765056164,0.84530896,55299.53262024075,54494.5
1,57.57575757575758,0.9363363849552079,22.483570765056164,0.850866,54552.50198517413,54728.195
1,58.58585858585859,0.9722002921447663,22.483570765056164,0.85642266,55421.609032924454,54961.89
1,59.5959595959596,0.9029430346813383,22.483570765056164,0.8619806,55001.276489269774,55195.586
1,60.60606060606061,0.9209348394933633,22.483570765056164,0.8675375,53866.066454107495,55429.285
1,61.61616161616162,0.8780624045182457,22.483570765056164,0.87309504,56392.98860023397,55662.977
1,62.62626262626263,0.8765830784217593,22.483570765056164,0.87865233,56933.70872313161,55896.676
1,63.63636363636364,0.9798940181134607,22.483570765056164,0.8842094,56612.307972459705,56130.37
1,64.64646464646465,1.0,22.483570765056164,0.88976693,55196.75548383843,56364.066
1,65.65656565656566,0.9410228595595792,22.483570765056164,0.89532393,55677.76115161405,56597.76
1,66.66666666666667,0.9972938777140672,22.483570765056164,0.90088236,55580.44234589351,56901.676
1,67.67676767676768,0.9675780933603952,22.483570765056164,0.90643877,57767.019573938844,57207.984
1,68.68686868686869,0.9195100504421256,22.483570765056164,0.91199565,58555.84554366389,57514.305
1,69.6969696969697,0.9720014658141639,22.483570765056164,0.9175533,58006.59806482633,57820.617
1,70.70707070707071,1.0,22.483570765056164,0.9231108,58821.54519749971,58126.926
1,71.71717171717172,0.9561789324666371,22.483570765056164,0.9286683,57316.50830658408,58433.246
1,72.72727272727273,1.0,22.483570765056164,0.93422544,58637.39302527547,58739.56
1,73.73737373737374,0.8306613673413075,22.483570765056164,0.939783,57433.283884672506,59045.875
1,74.74747474747475,1.0,22.483570765056164,0.9453403,58347.23995269513,59352.188
1,75.75757575757576,0.9693523101328942,22.483570765056164,0.9508974,60317.8020034368,59658.504
1,76.76767676767678,0.9516120726121396,22.483570765056164,0.95645475,59523.883692367555,59964.812
1,77.77777777777779,0.9726421828317634,22.483570765056164,0.96201164,61301.4519088214,60271.125
1,78.7878787878788,0.8700999156897198,22.483570765056164,0.96756935,60962.863671658095,60577.438
1,79.7979797979798,0.9598546306280848,22.483570765056164,0.97312665,63496.401549117116,60883.754
1,80.80808080808082,0.9899923439761947,22.483570765056164,0.97868353,61197.062534554534,61190.062
1,81.81818181818183,1.0,22.483570765056164,0.9842407,60042.451543826195,61496.383
1,82.82828282828284,0.9486472748034246,22.483570765056164,0.9897981,61764.128853776034,61851.297
1,83.83838383838385,0.9352669555005924,22.483570765056164,0.9953558,61189.68657492575,62214.957
1,84.84848484848486,0.9516838138395907,22.483570765056164,1.0009129,63488.167885183924,62578.617
1,85.85858585858587,1.0,22.483570765056164,1.00647,62915.495624477786,62942.28
1,86.86868686868688,0.9952260347526967,22.483570765056164,1.012028,63103.01341080479,63305.945
1,87.87878787878789,0.9532415861453974,22.483570765056164,1.0175843,63487.16449917375,63669.61
1,88.8888888888889,1.0,22.483570765056164,1.0231428,64726.89135841388,64033.273
1,89.89898989898991,0.9863412066451607,22.483570765056164,1.0286994,63913.58395279014,64396.938
1,90.90909090909092,1.0,22.483570765056164,1.0342567,65526.83361696502,64760.6
1,91.91919191919193,0.9479887566588914,22.483570765056164,1.0398138,66183.33461959228,65124.266
1,92.92929292929294,0.9674570359924155,22.483570765056164,1.045372,65187.84336008307,65487.93
1,93.93939393939395,0.96495006696369,22.483570765056164,1.0509288,65000.4020671774,65851.59
1,94.94949494949496,0.9120631688011092,22.483570765056164,1.0564857,65814.18897471162,66256.84
1,95.95959595959597,1.0,22.483570765056164,1.062043,67442.2111309275,66895.875
1,96.96969696969697,0.9995685904737222,22.483570765056164,1.0676007,67233.77035258888,67535.03
1,97.97979797979798,0.9873676534896431,22.483570765056164,1.0731575,68184.79800237098,68174.195
1,98.98989898989899,0.9759522638016428,22.483570765056164,1.0787156,69735.33411106332,68813.36
1,100.0,0.9174574018355556,22.483570765056164,1.0842721,68625.26592895329,69452.516
2,0.0,0.0,15.955315543048194,-0.0037593246,22495.931064448323,21407.648
2,1.0101010101010102,0.0,15.955315543048194,-0.0035194755,20645.138727858586,21273.977
2,2.0202020202020203,0.0,15.955315543048194,-0.0033072233,21819.109955547796,21420.791
2,3.0303030303030303,0.0,15.955315543048194,-0.0031769872,21121.980889276027,21579.686
2,4.040404040404041,0.0,15.955315543048194,-0.0020022392,21175.511815463684,21738.586
2,5.050505050505051,0.0749581424448597,15.955315543048194,0.05058998,22577.847857307905,21897.482
2,6.0606060606060606,0.1273872445518744,15.955315543048194,0.10968962,22407.223850587372,22056.377
2,7.070707070707071,0.12171208735745558,15.955315543048194,0.16878927,22514.912143527436,22215.273
2,8.080808080808081,0.23102363023845376,15.955315543048194,0.227889,23143.3348302574,22374.172
2,9.090909090909092,0.2872244810854265,15.955315543048194,0.28698868,22012.171889960926,22533.068
2,10.101010101010102,0.32928756945077475,15.955315543048194,0.34608835,22843.29155449705,22691.963
2,11.111111111111112,0.42102204601624926,15.955315543048194,0.4059232,22038.10087113137,22850.861
2,12.121212121212121,0.4946377230625688,15.955315543048194,0.47495416,22876.421534384834,23009.76
2,13.131313131313131,0.46484665852952967,15.955315543048194,0.5029941,22642.858191349093,23168.654
2,14.141414141414142,0.569428675748425,15.955315543048194,0.53628933,23107.601784178703,23327.55
2,15.151515151515152,0.5876819055301826,15.955315543048194,0.5681143,23860.225927740932,23514.053
2,16.161616161616163,0.5825211894456359,15.955315543048194,0.58358014,22718.169811837393,23719.88
2,17.171717171717173,0.6098355141926747,15.955315543048194,0.59904605,25916.957873172007,23925.709
2,18.181818181818183,0.5712189749227606,15.955315543048194,0.6145119,23123.59182805134,24138.23
2,19.191919191919194,0.5795250456987222,15.955315543048194,0.62997776,23237.31771847663,24509.041
2,20.202020202020204,0.6866026965878728,15.955315543048194,0.6454436,25948.37283612657,24879.852
2,21.212121212121215,0.6575750444140387,15.955315543048194,0.6600418,25937.538797600406,25250.662
2,22.222222222222225,0.7187866601602754,15.955315543048194,0.67411983,26142.468571349415,25621.47
2,23.232323232323235,0.7129412755481912,15.955315543048194,0.68056303,26536.025423870145,25992.28
2,24.242424242424242,0.6677844842924191,15.955315543048194,0.6866775,26301.62281171638,26363.088
2,25.252525252525253,0.7913476165128185,15.955315543048194,0.69279194,25839.663392683717,26733.9
2,26.262626262626263,0.7678666046740721,15.955315543048194,0.6989065,27252.62901161835,27104.709
2,27.272727272727273,0.8066424653673266,15.955315543048194,0.7050209,26956.427940816415,27478.018
2,28.282828282828284,0.7710272938656739,15.955315543048194,0.7111354,29082.333094298996,27960.023
2,29.292929292929294,0.8110804497197194,15.955315543048194,0.7172498,28450.63819758065,28442.025
2,30.303030303030305,0.9171348845726452,15.955315543048194,0.72336435,28279.539110140642,28924.03
2,31.313131313131315,0.8560580481948359,15.955315543048194,0.7294787,29307.84970277935,29406.037
2,32.323232323232325,0.8869021928657966,15.955315543048194,0.7355933,30583.22474585598,30032.393
2,33.333333333333336,0.8050043189942924,15.955315543048194,0.7417077,30164.48499557321,30701.33
2,34.343434343434346,0.9965049358973519,15.955315543048194,0.7478222,30480.76391925641,31501.549
2,35.35353535353536,0.9771548239269525,15.955315543048194,0.75393665,32138.30480240923,32413.615
2,36.36363636363637,0.960554144726107,15.955315543048194,0.76005113,32748.075947769343,33325.68
2,37.37373737373738,0.9407243203396877,15.955315543048194,0.7661656,32621.516496681612,34250.383
2,38.38383838383839,0.9064874385753878,15.955315543048194,0.77228004,33299.630171475364,35231.117
2,39.3939393939394,0.9338512808834867,15.955315543048194,0.7783946,34661.78572914109,36211.85
2,40.40404040404041,0.9697688767592886,15.955315543048194,0.784509,33657.577274624724,37192.586
2,41.41414141414142,0.8911903831549317,15.955315543048194,0.7906235,34390.9821757329,38173.316
2,42.42424242424243,0.905301161728865,15.955315543048194,0.796738,35789.64457249325,39154.047
2,43.43434343434344,0.8486566166707794,15.955315543048194,0.8028525,37021.14299531889,40134.78
2,44.44444444444445,0.8978112262079481,15.955315543048194,0.80896693,38288.85757556262,41115.51
2,45.45454545454546,1.0,15.955315543048194,0.81508136,40213.524599496865,42096.242
2,46.46464646464647,0.9274528211961707,15.955315543048194,0.82119584,40372.90488798086,43076.973
2,47.47474747474748,0.9317831321427412,15.955315543048194,0.8273103,40149.24212669575,44057.707
2,48.484848484848484,0.9668486713009419,15.955315543048194,0.8334248,41100.958350285655,45038.44
2,49.494949494949495,0.8734233712488565,15.955315543048194,0.8395393,40945.09760472852,46019.17
2,50.505050505050505,1.0,15.955315543048194,0.84565365,42773.624754200755,46999.906
2,51.515151515151516,1.0,15.955315543048194,0.85176826,43364.84868174864,47980.64
2,52.525252525252526,0.9809950975964795,15.955315543048194,0.8578828,44854.453821131334,48961.37
2,53.535353535353536,1.0,15.955315543048194,0.8639972,44599.5907670142,49942.1
2,54.54545454545455,0.9003648947362816,15.955315543048194,0.8701116,46858.11318422979,50922.836
2,55.55555555555556,1.0,15.955315543048194,0.87622607,48800.309052062126,51903.57
2,56.56565656565657,0.9341851711720317,15.955315543048194,0.88234067,48104.47196932243,52884.297
2,57.57575757575758,0.9085463041673748,15.955315543048194,0.888455,49577.464328246795,53865.03
2,58.58585858585859,0.9623782377203353,15.955315543048194,0.89456946,50845.27559587636,54845.766
2,59.5959595959596,1.0,15.955315543048194,0.9006839,50750.148639945626,55826.5
2,60.60606060606061,0.9763722672342428,15.955315543048194,0.9067985,52388.557610956916,56807.227
2,61.61616161616162,0.9321190709394301,15.955315543048194,0.912913,53207.012056892156,57787.96
2,62.62626262626263,0.9153179441155312,15.955315543048194,0.9190273,54338.90879127186,58768.695
2,63.63636363636364,0.976043285843294,15.955315543048194,0.92514193,54531.89445512908,59749.43
2,64.64646464646465,0.8827082319835289,15.955315543048194,0.93125635,56409.9444691538,60730.156
2,65.65656565656566,0.9185316091949454,15.955315543048194,0.93737096,57980.821151699456,61710.887
2,66.66666666666667,1.0,15.955315543048194,0.94348526,60048.21354345703,62691.62
2,67.67676767676768,1.0,15.955315543048194,0.94959986,60687.446346603974,63672.35
2,68.68686868686869,0.9799867143368128,15.955315543048194,0.9557142,63029.322072535935,64653.086
2,69.6969696969697,0.9639631850567644,15.955315543048194,0.96182865,61273.614656290774,65633.81
2,70.70707070707071,0.9909588711374736,15.955315543048194,0.9679431,64094.96396970275,66614.55
2,71.71717171717172,1.0,15.955315543048194,0.9740578,64604.52496217251,67595.28
2,72.72727272727273,1.0,15.955315543048194,0.9801723,67826.38402275273,68576.016
2,73.73737373737374,1.0,15.955315543048194,0.9862865,66060.53944692964,69556.75
2,74.74747474747475,0.9805999109148099,15.955315543048194,0.9924011,67278.23104250256,70537.48
2,75.75757575757576,0.9943391907304381,15.955315543048194,0.99851567,68784.53390128668,71518.22
2,76.76767676767678,1.0,15.955315543048194,1.0046301,68542.86299411708,72498.945
2,77.77777777777779,0.998638384934785,15.955315543048194,1.0107446,71440.69437809115,73479.67
2,78.7878787878788,0.897936772393952,15.955315543048194,1.0168588,72523.86592921206,74460.41
2,79.7979797979798,1.0,15.955315543048194,1.0229735,74766.80007788462,75441.14
2,80.80808080808082,0.9629072450501748,15.955315543048194,1.0290879,76308.42847747705,76421.875
2,81.81818181818183,1.0,15.955315543048194,1.0352023,79209.96806085609,77402.61
2,82.82828282828284,1.0,15.955315543048194,1.0413169,79668.20428941537,78383.336
2,83.83838383838385,0.9983114060934329,15.955315543048194,1.0474312,79541.71853480487,79364.08
2,84.84848484848486,1.0,15.955315543048194,1.0535457,80637.90776800568,80344.805
2,85.85858585858587,0.98996217332227,15.955315543048194,1.0596602,83462.80036939615,81325.54
2,86.86868686868688,0.9713490232536619,15.955315543048194,1.0657748,83102.0652590534,82306.266
2,87.87878787878789,1.0,15.955315543048194,1.0718894,87722.03300976165,83286.99
2,88.8888888888889,1.0,15.955315543048194,1.0780036,88555.14865211064,84267.73
2,89.89898989898991,0.9731943906643798,15.955315543048194,1.0841181,88408.52567641553,85248.45
2,90.90909090909092,0.9655289514089201,15.955315543048194,1.0902327,88683.41810620905,86229.195
2,91.91919191919193,0.9790727735846423,15.955315543048194,1.0963469,93286.13482589387,87209.92
2,92.92929292929294,1.0,15.955315543048194,1.1024616,93370.2909325532,88190.66
2,93.93939393939395,1.0,15.955315543048194,1.108576,96292.07392550545,89171.39
2,94.94949494949496,1.0,15.955315543048194,1.1146905,95046.11530011264,90152.125
2,95.95959595959597,1.0,15.955315543048194,1.1208049,97644.31179097704,91132.86
2,96.96969696969697,0.9662186044201332,15.955315543048194,1.1269194,99868.93287832159,92113.59
2,97.97979797979798,1.0,15.955315543048194,1.1330335,101547.53064668961,93094.32
2,98.98989898989899,1.0,15.955315543048194,1.1391484,102704.2039654159,94075.055
2,100.0,0.962594844919849,15.955315543048194,1.145263,105447.69726286177,95055.79
3,0.0,0.0,14.661897853087028,0.0010299664,4067.462767740652,4483.2
3,1.0101010101010102,0.0,14.661897853087028,0.00034400634,2440.4688778040377,4304.879
3,2.0202020202020203,0.0,14.661897853087028,1.1505559e-05,5644.870159236278,4242.005
3,3.0303030303030303,0.0,14.661897853087028,0.00037002377,5372.705481048177,4389.1084
3,4.040404040404041,0.0,14.661897853087028,-0.0016168412,4924.992330122198,4604.5454
3,5.050505050505051,0.0,14.661897853087028,-0.0038277525,5279.8991940998385,4820.1577
3,6.0606060606060606,0.18371607485568897,14.661897853087028,0.15402357,5354.0505553698595,5033.541
3,7.070707070707071,0.20863660205522003,14.661897853087028,0.21309616,4399.594394687138,5245.6353
3,8.080808080808081,0.2202297888611924,14.661897853087028,0.27216884,4639.363624300308,5457.7295
3,9.090909090909092,0.39495109451495963,14.661897853087028,0.33124146,5753.832967549436,5669.824
3,10.101010101010102,0.37761135973302223,14.661897853087028,0.39009973,5491.816970645612,5887.123
3,11.111111111111112,0.48044551832859006,14.661897853087028,0.4489451,7391.655798905267,6108.635
3,12.121212121212121,0.4701957606611008,14.661897853087028,0.5077906,7037.193984565829,6000.845
3,13.131313131313131,0.6112995254343506,14.661897853087028,0.5666361,6425.065185591494,5887.3184
3,14.141414141414142,0.6339470840792955,14.661897853087028,0.5966758,4810.0140417190205,5773.7915
3,15.151515151515152,0.5684585190023118,14.661897853087028,0.6176357,5092.112562590032,5660.264
3,16.161616161616163,0.6613190214668203,14.661897853087028,0.6385956,4744.768146812709,5546.7373
3,17.171717171717173,0.674217466041125,14.661897853087028,0.6563053,6121.942220979059,5433.21
3,18.181818181818183,0.7372028449192694,14.661897853087028,0.6727738,3201.8247236526254,5348.496
3,19.191919191919194,0.6451776906272881,14.661897853087028,0.68924224,5589.979684258375,5530.264
3,20.202020202020204,0.7504029648073622,14.661897853087028,0.70571095,5852.926651137674,5712.0312
3,21.212121212121215,0.7898967310453834,14.661897853087028,0.72217953,4751.621302716686,5893.799
3,22.222222222222225,0.668269714022979,14.661897853087028,0.7386479,7195.14163206157,6075.5664
3,23.232323232323235,0.7147731733913595,14.661897853087028,0.75511664,5384.98176665838,6257.333
3,24.242424242424242,0.6883306163661786,14.661897853087028,0.7715853,6923.8090348859205,6439.1006
3,25.252525252525253,0.7919209885694106,14.661897853087028,0.7880537,9577.011362775178,6620.8687
3,26.262626262626263,0.8552158529928272,14.661897853087028,0.80452234,5324.620595603443,6802.636
3,27.272727272727273,0.9073478361131458,14.661897853087028,0.8209907,6934.691762993222,7016.453
3,28.282828282828284,0.8478565410104316,14.661897853087028,0.8322614,6828.624688975683,7305.158
3,29.292929292929294,0.9366138253326689,14.661897853087028,0.8381545,6792.182502494312,7593.8643
3,30.303030303030305,0.7963904092381408,14.661897853087028,0.84404796,8317.693326974875,7882.5703
3,31.313131313131315,0.7896853600828088,14.661897853087028,0.8499419,8832.287084285845,8171.2773
3,32.323232323232325,0.880842289467418,14.661897853087028,0.8558351,8671.336572045697,8459.982
3,33.333333333333336,0.9109487701159024,14.661897853087028,0.8617288,7355.324479749155,8748.689
3,34.343434343434346,0.8976469668908821,14.661897853087028,0.8676223,10696.701476227901,9037.395
3,35.35353535353536,0.8029017044358415,14.661897853087028,0.8735157,6682.024741277763,9326.102
3,36.36363636363637,0.9083074901087148,14.661897853087028,0.8794094,7614.278088548598,9614.808
3,37.37373737373738,0.8535654791793359,14.661897853087028,0.8853028,9016.500366105576,9903.514
3,38.38383838383839,0.9578688700645389,14.661897853087028,0.89119625,9141.25362116223,10192.22
3,39.3939393939394,0.9479144501347837,14.661897853087028,0.8970898,9750.217097865778,10480.926
3,40.40404040404041,0.8874224241104899,14.661897853087028,0.9029833,11057.845126201748,10769.633
3,41.41414141414142,0.913214723600432,14.661897853087028,0.90887684,9578.622820569537,11058.339
3,42.42424242424243,0.8901238664724032,14.661897853087028,0.91477,10038.190605125776,11347.045
3,43.43434343434344,0.9438349404569512,14.661897853087028,0.9206639,9561.157193335273,11635.752
3,44.44444444444445,0.9983395032925749,14.661897853087028,0.92655706,10980.438561835967,11924.456
3,45.45454545454546,0.9046583270663386,14.661897853087028,0.93245095,10315.29302620985,12213.163
3,46.46464646464647,0.9822760496278422,14.661897853087028,0.93834424,10561.600705447789,12501.869
3,47.47474747474748,0.9334735097519002,14.661897853087028,0.9433171,11676.251765300918,12790.575
3,48.484848484848484,0.9230544408419293,14.661897853087028,0.9436306,12425.025121409813,13079.281
3,49.494949494949495,0.9598715706747956,14.661897853087028,0.943944,9444.557920816489,13367.986
3,50.505050505050505,0.9158125142559107,14.661897853087028,0.94425744,12281.227871494013,13656.693
3,51.515151515151516,0.9420824811439001,14.661897853087028,0.9445707,11923.255798642336,13945.4
3,52.525252525252526,0.911911477301798,14.661897853087028,0.9448842,13419.310421649643,14234.105
3,53.535353535353536,1.0,14.661897853087028,0.9451978,12505.029945751154,14522.8125
3,54.54545454545455,0.9772409746017386,14.661897853087028,0.94551134,14344.888738994465,14811.518
3,55.55555555555556,0.9421422868799596,14.661897853087028,0.94582486,12661.331740523696,15100.225
3,56.56565656565657,0.989366078393151,14.661897853087028,0.94613796,11406.548004726483,15388.93
3,57.57575757575758,0.9744847309389106,14.661897853087028,0.9464516,14992.82880053775,15677.637
3,58.58585858585859,0.9703894522112075,14.661897853087028,0.9467651,13407.273341303393,15966.343
3,59.5959595959596,1.0,14.661897853087028,0.9470784,12985.373606657187,16255.049
3,60.60606060606061,1.0,14.661897853087028,0.9473922,14901.710898065565,16543.754
3,61.61616161616162,0.9584044544432185,14.661897853087028,0.9477057,14971.735445581457,16832.46
3,62.62626262626263,0.9571488454629399,14.661897853087028,0.94801897,16364.500415715693,17121.166
3,63.63636363636364,0.9731292679696001,14.661897853087028,0.94833213,16769.512284314027,17409.873
3,64.64646464646465,0.8726643917646116,14.661897853087028,0.94864625,16313.65263108541,17698.578
3,65.65656565656566,0.9128203235522542,14.661897853087028,0.94895965,15679.371660144303,17987.285
3,66.66666666666667,1.0,14.661897853087028,0.9492726,17202.508976321926,18275.99
3,67.67676767676768,1.0,14.661897853087028,0.949586,17437.36690442262,18564.697
3,68.68686868686869,0.9782702212371164,14.661897853087028,0.9499,18202.93870414516,18853.404
3,69.6969696969697,1.0,14.661897853087028,0.95021313,17126.249517473367,19142.107
3,70.70707070707071,1.0,14.661897853087028,0.9505268,17972.962255762137,19430.814
3,71.71717171717172,1.0,14.661897853087028,0.9508403,19260.216839146487,19719.521
3,72.72727272727273,1.0,14.661897853087028,0.9511536,20380.894068091868,20008.229
3,73.73737373737374,0.9870385553156324,14.661897853087028,0.95146686,20487.442007038568,20296.934
3,74.74747474747475,0.9460958353343556,14.661897853087028,0.95178074,19996.752552619677,20585.639
3,75.75757575757576,0.9139596052895428,14.661897853087028,0.95209414,19825.7050361027,20874.348
3,76.76767676767678,1.0,14.661897853087028,0.95240754,21120.547693429195,21163.053
3,77.77777777777779,0.9572022080502622,14.661897853087028,0.95272106,20034.18846835153,21451.76
3,78.7878787878788,0.924239379039211,14.661897853087028,0.9530347,20722.65393344829,21740.467
3,79.7979797979798,0.9633335171974508,14.661897853087028,0.95334786,23468.727848402057,22029.172
3,80.80808080808082,0.9418741279241521,14.661897853087028,0.9536609,22785.51687539168,22317.877
3,81.81818181818183,1.0,14.661897853087028,0.9539748,22465.70621714319,22606.584
3,82.82828282828284,1.0,14.661897853087028,0.95428854,24077.34688724188,22895.291
3,83.83838383838385,0.9963100626895929,14.661897853087028,0.95460194,24975.383114415738,23183.996
3,84.84848484848486,1.0,14.661897853087028,0.954915,23689.195236399108,23472.703
3,85.85858585858587,1.0,14.661897853087028,0.9552286,24157.074192442946,23761.408
3,86.86868686868688,0.9542598541861343,14.661897853087028,0.9555418,24487.710397962157,24050.115
3,87.87878787878789,1.0,14.661897853087028,0.9558558,26465.305222610335,24338.82
3,88.8888888888889,1.0,14.661897853087028,0.9561694,26941.335780169982,24627.525
3,89.89898989898991,0.945961947204029,14.661897853087028,0.9564827,27825.22977886491,24916.232
3,90.90909090909092,0.9884523144798064,14.661897853087028,0.9567961,27924.702228515664,25204.938
3,91.91919191919193,0.9543236575829491,14.661897853087028,0.9571094,25765.878716500403,25493.645
3,92.92929292929294,0.9290908802790405,14.661897853087028,0.9574229,28166.28333027829,25782.35
3,93.93939393939395,1.0,14.661897853087028,0.95773643,27319.380516113266,26071.055
3,94.94949494949496,1.0,14.661897853087028,0.95805055,28362.52314975821,26359.764
3,95.95959595959597,0.9286330563865636,14.661897853087028,0.9583635,29548.928030248862,26648.467
3,96.96969696969697,1.0,14.661897853087028,0.95867676,30722.02022312533,26937.174
3,97.97979797979798,0.966214587007731,14.661897853087028,0.95928234,29508.95717660087,27225.88
3,98.98989898989899,0.9744739304023473,14.661897853087028,0.96796924,28593.651248045127,27514.588
3,100.0,0.9692884234112631,14.661897853087028,0.9766553,31622.69683791761,27803.293
4,0.0,0.0,33.217857916992756,-0.00013805553,26191.891096276766,27347.867
4,1.0101010101010102,0.0,33.217857916992756,-0.04907712,28288.019868651496,27377.902
4,2.0202020202020203,0.0,33.217857916992756,-0.031375673,27722.75373657752,27407.934
4,3.0303030303030303,0.0,33.217857916992756,-0.0179989,27377.490753492195,27437.967
4,4.040404040404041,0.0,33.217857916992756,-0.006969627,27591.94708188005,27468.0
4,5.050505050505051,0.0,33.217857916992756,0.004006449,27935.58718072061,27498.035
4,6.0606060606060606,0.0,33.217857916992756,0.015185986,27065.19138916835,27528.07
4,7.070707070707071,0.0,33.217857916992756,0.028769884,26846.04520576867,27558.102
4,8.080808080808081,0.0,33.217857916992756,0.042606387,27842.047315536427,27588.135
4,9.090909090909092,0.044522281471598035,33.217857916992756,0.056587968,26692.13467966597,27618.168
4,10.101010101010102,0.0,33.217857916992756,0.07293001,28105.51887741223,27648.203
4,11.111111111111112,0.033188957734674444,33.217857916992756,0.09409478,26023.894449451167,27678.234
4,12.121212121212121,0.060220410352327045,33.217857916992756,0.11525962,28787.29889058039,27708.268
4,13.131313131313131,0.13879938436708036,33.217857916992756,0.13642451,28264.859202808027,27738.305
4,14.141414141414142,0.2602323638914169,33.217857916992756,0.15758929,28084.863189423595,27768.336
4,15.151515151515152,0.1916538510130495,33.217857916992756,0.17875418,28850.549441344458,27798.371
4,16.161616161616163,0.1668812870384261,33.217857916992756,0.1999186,29574.81117172524,27828.402
4,17.171717171717173,0.21917738806314788,33.217857916992756,0.22108349,28967.63832971901,27858.438
4,18.181818181818183,0.307749726570529,33.217857916992756,0.24224862,26158.778838381942,27888.47
4,19.191919191919194,0.25225834882809434,33.217857916992756,0.26341376,26768.914175565093,27918.504
4,20.202020202020204,0.3501077311966744,33.217857916992756,0.28457853,27474.963904766813,27948.537
4,21.212121212121215,0.21650403166616564,33.217857916992756,0.3057433,28179.618140409522,27978.572
4,22.222222222222225,0.34508830123604656,33.217857916992756,0.32690796,28727.383985978497,28008.605
4,23.232323232323235,0.4110716058401246,33.217857916992756,0.34807274,27542.632295241092,28038.639
4,24.242424242424242,0.4653369800277557,33.217857916992756,0.3692375,28516.24728333131,28068.672
4,25.252525252525253,0.38219757306459107,33.217857916992756,0.3904024,27637.655264535086,28098.707
4,26.262626262626263,0.36843680713075844,33.217857916992756,0.41156718,27847.531339505123,28128.738
4,27.272727272727273,0.45019207978727566,33.217857916992756,0.43273208,27120.85225883201,28164.18
4,28.282828282828284,0.42584669075155457,33.217857916992756,0.4538966,27675.197590326985,28293.316
4,29.292929292929294,0.49282294997367637,33.217857916992756,0.47506127,27320.116979153703,28422.45
4,30.303030303030305,0.5173992960501984,33.217857916992756,0.49622628,27771.75234769935,28551.586
4,31.313131313131315,0.4685621222848721,33.217857916992756,0.5173911,29879.544680765663,28680.72
4,32.323232323232325,0.590887685679416,33.217857916992756,0.53780425,27957.23454638151,28809.855
4,33.333333333333336,0.5583376985828162,33.217857916992756,0.5515368,31622.199318680974,28938.988
4,34.343434343434346,0.6351664140918247,33.217857916992756,0.56526816,29568.772240929095,29068.125
4,35.35353535353536,0.5032803738367098,33.217857916992756,0.579,29348.380817522197,29197.258
4,36.36363636363637,0.5585090841659762,33.217857916992756,0.5927315,28395.730534999722,29326.395
4,37.37373737373738,0.6485286008992697,33.217857916992756,0.60646284,30047.395083518033,29455.527
4,38.38383838383839,0.5955709273141774,33.217857916992756,0.62019503,28866.897534373868,29584.662
4,39.3939393939394,0.6396563638173512,33.217857916992756,0.6339263,29662.448599334097,29713.797
4,40.40404040404041,0.6598197088462644,33.217857916992756,0.6476579,32200.880014609123,29842.934
4,41.41414141414142,0.6791627187144045,33.217857916992756,0.6613896,29647.545535841764,29972.068
4,42.42424242424243,0.6484181269063317,33.217857916992756,0.6751213,30998.141988652667,30101.203
4,43.43434343434344,0.7004056142093277,33.217857916992756,0.68885255,29253.40873161618,30230.34
4,44.44444444444445,0.6640734887599508,33.217857916992756,0.70258486,30031.76642819467,30359.473
4,45.45454545454546,0.7468041017924815,33.217857916992756,0.71631587,31950.178583851208,30488.61
4,46.46464646464647,0.7168820793659398,33.217857916992756,0.73004735,29667.487187526487,30617.742
4,47.47474747474748,0.7395692314317213,33.217857916992756,0.7437788,32224.432367984235,30746.877
4,48.484848484848484,0.8691792720020786,33.217857916992756,0.7549621,31239.718577690328,30876.012
4,49.494949494949495,0.6938785414263494,33.217857916992756,0.7588192,30091.935966162626,31005.148
4,50.505050505050505,0.8269113425314709,33.217857916992756,0.7626761,31411.69984850895,31134.283
4,51.515151515151516,0.6324725429859194,33.217857916992756,0.76653373,31879.189194051185,31263.418
4,52.525252525252526,0.6691998486632863,33.217857916992756,0.7703897,31658.24060918718,31392.55
4,53.535353535353536,0.7184967197093217,33.217857916992756,0.77424705,29598.455097199545,31521.688
4,54.54545454545455,0.728804136349821,33.217857916992756,0.7781035,30576.245078959648,31650.824
4,55.55555555555556,0.8047691383777141,33.217857916992756,0.78196084,31193.01932450202,31779.957
4,56.56565656565657,0.8157407703496542,33.217857916992756,0.785818,31505.713503796982,31909.092
4,57.57575757575758,0.7949423672480241,33.217857916992756,0.7896744,32342.881270865702,32038.227
4,58.58585858585859,0.8064031378667024,33.217857916992756,0.7935313,32044.42568224077,32167.36
4,59.5959595959596,0.8462860141423285,33.217857916992756,0.7973882,30678.3490981644,32296.496
4,60.60606060606061,0.8673547988781541,33.217857916992756,0.80124485,32543.31335102195,32425.633
4,61.61616161616162,0.7649651953349332,33.217857916992756,0.8051022,32925.57655601578,32554.768
4,62.62626262626263,0.8186061581936498,33.217857916992756,0.80895865,33029.10983695347,32683.902
4,63.63636363636364,0.8384468015619254,33.217857916992756,0.81281626,33706.88196044201,32813.035
4,64.64646464646465,0.8712414222216163,33.217857916992756,0.8166729,33619.25850287576,32942.17
4,65.65656565656566,0.8132217828174886,33.217857916992756,0.82053053,33406.204808569244,33071.305
4,66.66666666666667,0.8521099689054394,33.217857916992756,0.824386,33041.00066647061,33200.445
4,67.67676767676768,0.8626283998897709,33.217857916992756,0.8282429,31616.800360576206,33329.574
4,68.68686868686869,0.8303119001445144,33.217857916992756,0.8321012,33876.42769696222,33493.016
4,69.6969696969697,0.8333792977816892,33.217857916992756,0.8359574,33825.99861630468,33661.73
4,70.70707070707071,0.8788507054452955,33.217857916992756,0.83981335,34063.84448522337,33830.445
4,71.71717171717172,0.8713782724681349,33.217857916992756,0.8436707,32691.925058668603,33999.156
4,72.72727272727273,0.9067701127611048,33.217857916992756,0.84752715,33066.47834811608,34167.87
4,73.73737373737374,0.8328072535668796,33.217857916992756,0.85138404,35382.00226346715,34336.586
4,74.74747474747475,0.8715377821764664,33.217857916992756,0.85524166,34473.06204546199,34505.297
4,75.75757575757576,0.8810947378422267,33.217857916992756,0.8590983,35380.33895345018,34674.01
4,76.76767676767678,0.9366185611578441,33.217857916992756,0.86295545,34915.8309565414,34842.727
4,77.77777777777779,0.8521646175125956,33.217857916992756,0.8668126,35108.39631181458,35011.438
4,78.7878787878788,0.9140717817300514,33.217857916992756,0.87066925,36210.50483777721,35180.15
4,79.7979797979798,0.9180284408264107,33.217857916992756,0.8745259,34952.21043064071,35348.86
4,80.80808080808082,0.9906631549301697,33.217857916992756,0.8783828,35762.863330430446,35517.574
4,81.81818181818183,0.8608459964458732,33.217857916992756,0.8822404,35405.40792699029,35686.29
4,82.82828282828284,0.881103788439792,33.217857916992756,0.88609636,35636.58091804337,35890.688
4,83.83838383838385,0.8697736285538551,33.217857916992756,0.8899535,35967.75221936191,36123.33
4,84.84848484848486,0.8357424144566177,33.217857916992756,0.89381063,36707.358579393614,36355.973
4,85.85858585858587,1.0,33.217857916992756,0.89766777,36217.229918600264,36588.617
4,86.86868686868688,0.8620898144308621,33.217857916992756,0.90152395,38164.941665915605,36821.258
4,87.87878787878789,0.8856986707944927,33.217857916992756,0.90538013,36230.238505775415,37053.902
4,88.8888888888889,0.994576388158141,33.217857916992756,0.9092382,37156.08769906089,37314.14
4,89.89898989898991,0.8433344034305663,33.217857916992756,0.9130963,37123.795087749895,37581.938
4,90.90909090909092,0.970939022813519,33.217857916992756,0.9169525,39233.52410075412,37849.734
4,91.91919191919193,0.8645342475634913,33.217857916992756,0.9208087,38208.57433086277,38117.53
4,92.92929292929294,0.9995188063011101,33.217857916992756,0.9246658,39271.79069934514,38385.33
4,93.93939393939395,0.8306255454173499,33.217857916992756,0.92852247,36984.76565993934,38653.43
4,94.94949494949496,0.8533201688298575,33.217857916992756,0.9323796,38970.209439519866,38941.684
4,95.95959595959597,0.91556260677454,33.217857916992756,0.9362372,39828.07637752283,39252.355
4,96.96969696969697,0.9931577487751111,33.217857916992756,0.9427341,39258.4692469981,39574.74
4,97.97979797979798,0.9447212934251799,33.217857916992756,0.95318496,40481.858576185805,39914.99
4,98.98989898989899,0.9311325529337783,33.217857916992756,0.96363676,39141.73596199236,40263.973
4,100.0,1.0,33.217857916992756,0.9740876,41313.47133082508,40642.258
5,0.0,0.0,31.49449061809625,0.00028812885,2541.2388418739565,3092.5918
5,1.0101010101010102,0.0,31.49449061809625,-9.280443e-05,3619.3131681434734,3048.1702
5,2.0202020202020203,0.0,31.49449061809625,-0.00046262145,2745.649672598758,3019.471
5,3.0303030303030303,0.0,31.49449061809625,0.0033768713,3168.0537254830597,3001.2993
5,4.040404040404041,0.0,31.49449061809625,0.004123032,1299.8818784409252,3003.554
5,5.050505050505051,0.0,31.49449061809625,1.5348196e-06,4111.668626997907,3030.7979
5,6.0606060606060606,0.0,31.49449061809625,-0.0016659945,4512.429834599438,3090.4414
5,7.070707070707071,0.0,31.49449061809625,0.0005649626,1792.576010964991,3162.884
5,8.080808080808081,0.0,31.49449061809625,0.0026504695,3156.6783288479855,3302.605
5,9.090909090909092,0.0,31.49449061809625,0.004621029,2411.2963839579693,3445.7866
5,10.101010101010102,0.0,31.49449061809625,0.0077837557,3549.812911379946,3596.3838
5,11.111111111111112,0.048636418129250895,31.49449061809625,0.05054696,4470.969952270914,3756.0815
5,12.121212121212121,0.09960227030065166,31.49449061809625,0.10753417,4912.8158155032115,3921.0652
5,13.131313131313131,0.20128422311022348,31.49449061809625,0.14978182,5158.9263183841,4086.0713
5,14.141414141414142,0.10813726993909065,31.49449061809625,0.1786654,5467.576080374163,4251.0776
5,15.151515151515152,0.24007191249654636,31.49449061809625,0.20754896,4062.971517965115,4416.0835
5,16.161616161616163,0.21153503032507062,31.49449061809625,0.23643257,3275.1706224400054,4581.0894
5,17.171717171717173,0.24978674826932534,31.49449061809625,0.26531622,4452.676819632271,4746.0957
5,18.181818181818183,0.3147384040388122,31.49449061809625,0.29401124,5354.065405024644,4911.102
5,19.191919191919194,0.25237265160404426,31.49449061809625,0.32268184,3655.4618185950712,5076.108
5,20.202020202020204,0.3539729200513418,31.49449061809625,0.35135266,6713.175163773063,5242.553
5,21.212121212121215,0.36840653000716245,31.49449061809625,0.3800233,6129.636273908089,5409.3926
5,22.222222222222225,0.4088783209109489,31.49449061809625,0.40869403,5212.283005553376,5576.2314
5,23.232323232323235,0.42187618171360974,31.49449061809625,0.43736482,4903.473596424455,5743.071
5,24.242424242424242,0.5523821162872046,31.49449061809625,0.45402363,5149.112712588075,5914.235
5,25.252525252525253,0.41901160875859556,31.49449061809625,0.4631105,6104.721188379929,6171.6416
5,26.262626262626263,0.444754861750967,31.49449061809625,0.4721972,6021.786466742508,6440.5728
5,27.272727272727273,0.4597186728619933,31.49449061809625,0.48128396,7430.758833662607,6709.5034
5,28.282828282828284,0.4818759485707935,31.49449061809625,0.49037063,6374.740172998505,6978.434
5,29.292929292929294,0.49579395269387044,31.49449061809625,0.49945754,7469.07064884781,7247.3647
5,30.303030303030305,0.6044014860354914,31.49449061809625,0.5085443,7188.889705010666,7516.296
5,31.313131313131315,0.6325697790257735,31.49449061809625,0.5176312,7750.1226115458585,7786.612
5,32.323232323232325,0.5489387858628456,31.49449061809625,0.5267179,7521.428397529688,8057.194
5,33.333333333333336,0.5511570014513056,31.49449061809625,0.5358047,8738.624867367005,8327.777
5,34.343434343434346,0.6310394351781099,31.49449061809625,0.5448914,9041.266813412809,8598.359
5,35.35353535353536,0.5939732449080595,31.49449061809625,0.5539782,9074.866079964257,8868.942
5,36.36363636363637,0.6667939428155946,31.49449061809625,0.56306493,9527.05461632503,9139.525
5,37.37373737373738,0.6583277837282039,31.49449061809625,0.5721519,8288.16766067992,9410.108
5,38.38383838383839,0.5849229695486327,31.49449061809625,0.5812386,9877.171264193426,9680.691
5,39.3939393939394,0.7501300635373426,31.49449061809625,0.59032524,11132.909245847492,9951.273
5,40.40404040404041,0.7741301715912376,31.49449061809625,0.5994122,10713.286936468998,10221.856
5,41.41414141414142,0.664834967793855,31.49449061809625,0.6084988,9537.732671751553,10492.439
5,42.42424242424243,0.6868028978213347,31.49449061809625,0.61758566,10873.644384021598,10763.021
5,43.43434343434344,0.7307882124644748,31.49449061809625,0.6266725,11661.742465142032,11033.605
5,44.44444444444445,0.7431352298324102,31.49449061809625,0.635759,10901.111557049688,11304.187
5,45.45454545454546,0.7688838148080004,31.49449061809625,0.644846,10680.379338384348,11574.77
5,46.46464646464647,0.8456533237684819,31.49449061809625,0.6539327,12111.08504184491,11886.662
5,47.47474747474748,0.7451393149806894,31.49449061809625,0.66301954,12083.275791501505,12391.394
5,48.484848484848484,0.7225865914940127,31.49449061809625,0.6721065,13215.13737128104,12903.142
5,49.494949494949495,0.7017349315794701,31.49449061809625,0.6811931,12051.732872390552,13416.381
5,50.505050505050505,0.7420513394871112,31.49449061809625,0.6902801,14629.942613652865,13929.621
5,51.515151515151516,0.7845482126155268,31.49449061809625,0.69936645,13861.133461067253,14442.858
5,52.525252525252526,0.883260651829664,31.49449061809625,0.70845354,15930.380592299896,14956.098
5,53.535353535353536,0.7747130474041019,31.49449061809625,0.7175404,15105.012289094126,15469.338
5,54.54545454545455,0.8185871974569312,31.49449061809625,0.726627,15812.197769792016,15982.574
5,55.55555555555556,0.8131343777734915,31.49449061809625,0.7357137,16128.620538779616,16495.814
5,56.56565656565657,0.879696193030234,31.49449061809625,0.74480045,16085.95724269032,17009.053
5,57.57575757575758,0.9527167603239868,31.49449061809625,0.7538873,19727.25082439135,17522.293
5,58.58585858585859,0.8057018228575076,31.49449061809625,0.76297426,17248.35252745353,18035.531
5,59.5959595959596,0.813438445693476,31.49449061809625,0.7720609,19265.380485282636,18548.771
5,60.60606060606061,0.8955818029678931,31.49449061809625,0.7811476,17654.26318812377,19062.01
5,61.61616161616162,0.8827376590488744,31.49449061809625,0.79023445,19634.44961066455,19575.248
5,62.62626262626263,0.9460612246782671,31.49449061809625,0.79932106,20264.009382901484,20088.486
5,63.63636363636364,0.8878256351887335,31.49449061809625,0.8084079,20292.172155283803,20601.727
5,64.64646464646465,0.8453954243200369,31.49449061809625,0.81749475,20284.949240168688,21114.967
5,65.65656565656566,0.897457561235123,31.49449061809625,0.82658136,21140.629798634647,21628.201
5,66.66666666666667,0.9277650544518065,31.49449061809625,0.83566844,21557.052854729878,22141.443
5,67.67676767676768,0.9176053195061795,31.49449061809625,0.8447552,24927.15220800687,22654.678
5,68.68686868686869,0.9060482904813456,31.49449061809625,0.8538414,23075.69932020905,23167.916
5,69.6969696969697,0.9379792708835267,31.49449061809625,0.8629285,24204.760585814303,23752.344
5,70.70707070707071,0.9469341303858466,31.49449061809625,0.8720151,26051.459209086235,24433.68
5,71.71717171717172,0.9612690627649783,31.49449061809625,0.88110197,23991.870676211234,25115.016
5,72.72727272727273,0.9281611916153968,31.49449061809625,0.8901892,25512.59771689194,25796.35
5,73.73737373737374,0.89081187501645,31.49449061809625,0.89927566,25820.892405595227,26477.686
5,74.74747474747475,0.909827530305212,31.49449061809625,0.9083626,26627.474059359898,27159.018
5,75.75757575757576,0.9660276535891724,31.49449061809625,0.91744936,27166.527419306454,27840.354
5,76.76767676767678,0.8679562083747487,31.49449061809625,0.92653644,27253.982096388434,28521.686
5,77.77777777777779,0.9302318420168446,31.49449061809625,0.93562305,28829.982176624027,29203.023
5,78.7878787878788,0.8950246320588615,31.49449061809625,0.9447094,28229.04473783407,29884.355
5,79.7979797979798,0.9189240846336801,31.49449061809625,0.9537964,30946.058790196,30565.688
5,80.80808080808082,0.9841101017830939,31.49449061809625,0.96288323,31254.377311192427,31247.027
5,81.81818181818183,0.9323519038774262,31.49449061809625,0.97196996,30819.88905383868,31928.361
5,82.82828282828284,0.9276402472948931,31.49449061809625,0.9810567,31559.04582850774,32609.697
5,83.83838383838385,0.8597622350660956,31.49449061809625,0.9901439,32978.6099059228,33291.027
5,84.84848484848486,0.9674225003955277,31.49449061809625,0.99923027,32612.01713567533,33972.363
5,85.85858585858587,0.9646598586607352,31.49449061809625,1.0083172,35938.398597137384,34653.7
5,86.86868686868688,1.0,31.49449061809625,1.0174037,35208.59313742932,35335.04
5,87.87878787878789,0.9213225479577868,31.49449061809625,1.0264907,35976.5724098703,36016.363
5,88.8888888888889,0.9497242053832982,31.49449061809625,1.0355775,37005.78910260701,36697.695
5,89.89898989898991,0.9532226520919501,31.49449061809625,1.0446644,36494.30842595679,37379.035
5,90.90909090909092,1.0,31.49449061809625,1.0537509,38920.602273602795,38060.37
5,91.91919191919193,0.9397663407973462,31.49449061809625,1.0628376,38712.33916383868,38741.7
5,92.92929292929294,0.9602775668207351,31.49449061809625,1.0719246,40322.55768844129,39423.04
5,93.93939393939395,0.9784572509370708,31.49449061809625,1.0810117,39957.45842470739,40104.37
5,94.94949494949496,0.9590714265098721,31.49449061809625,1.0900978,42264.0820258542,40785.72
5,95.95959595959597,0.9290424173449113,31.49449061809625,1.0991849,42147.932588009135,41467.04
5,96.96969696969697,0.9626382087969682,31.49449061809625,1.1082717,44737.27406103678,42148.383
5,97.97979797979798,1.0,31.49449061809625,1.1173583,43001.81640992685,42829.71
5,98.98989898989899,0.9045938743863574,31.49449061809625,1.1264452,44400.85132674326,43511.047
5,100.0,0.9639879072781892,31.49449061809625,1.135532,43998.082501699806,44192.383
6,0.0,0.0,17.3535088122689,-0.0011564195,33213.05134027215,31165.299
6,1.0101010101010102,0.0,17.3535088122689,-0.0013686717,32167.80138720789,31409.637
6,2.0202020202020203,0.0,17.3535088122689,-7.894635e-05,32883.74160418457,31653.97
6,3.0303030303030303,0.0,17.3535088122689,-0.00031030178,33316.58642598753,31898.314
6,4.040404040404041,0.0,17.3535088122689,-0.0015562773,33363.26664739699,32142.648
6,5.050505050505051,0.010808487986017135,17.3535088122689,0.00019407272,33532.05695380083,32386.986
6,6.0606060606060606,0.0,17.3535088122689,0.020345002,34806.2155875992,32631.322
6,7.070707070707071,0.1415286257958627,17.3535088122689,0.104046255,33742.54809038573,32875.66
6,8.080808080808081,0.15014833998353402,17.3535088122689,0.17594731,33155.50797526847,33119.996
6,9.090909090909092,0.24298679970110817,17.3535088122689,0.24784848,34488.54395189102,33364.332
6,10.101010101010102,0.33971888529697464,17.3535088122689,0.3197497,34852.860796927016,33608.67
6,11.111111111111112,0.32837800515109694,17.3535088122689,0.35813424,32588.85736862128,33853.008
6,12.121212121212121,0.4256351067988522,17.3535088122689,0.3892373,34581.0814807202,34097.344
6,13.131313131313131,0.464362116651973,17.3535088122689,0.42034054,34866.21173164948,34341.684
6,14.141414141414142,0.36611691321277867,17.3535088122689,0.45144367,34062.974415803015,34586.023
6,15.151515151515152,0.45005306643673565,17.3535088122689,0.48254687,35945.88501365522,34830.36
6,16.161616161616163,0.45024361686492653,17.3535088122689,0.51365006,34643.90424584784,35074.695
6,17.171717171717173,0.659232989843294,17.3535088122689,0.5447532,35157.45927024486,35319.03
6,18.181818181818183,0.5824912920139976,17.3535088122689,0.5758563,35110.87532773857,35563.37
6,19.191919191919194,0.7033939515487608,17.3535088122689,0.6069206,35565.73188620921,35807.707
6,20.202020202020204,0.5574322481525834,17.3535088122689,0.63672525,34734.22478969402,36052.043
6,21.212121212121215,0.6334496219103671,17.3535088122689,0.66652995,34684.93738331257,36296.383
6,22.222222222222225,0.7235344306909504,17.3535088122689,0.69633436,38028.12306980566,36540.72
6,23.232323232323235,0.7124291359951332,17.3535088122689,0.72613907,35909.427750292365,36785.055
6,24.242424242424242,0.7487095176224006,17.3535088122689,0.7559438,36101.90919254057,37029.39
6,25.252525252525253,0.6767239395123946,17.3535088122689,0.77790344,35290.96522313551,37456.1
6,26.262626262626263,0.8244420741770695,17.3535088122689,0.78186643,37170.58873514825,37885.234
6,27.272727272727273,0.8095652894342551,17.3535088122689,0.7858293,36865.79718688496,38314.367
6,28.282828282828284,0.8049117084245031,17.3535088122689,0.78979206,40224.37998923971,38743.5
6,29.292929292929294,0.7637412007976431,17.3535088122689,0.79375523,39999.80111861303,39172.633
6,30.303030303030305,0.8265445204396868,17.3535088122689,0.7977182,38723.5942356159,39601.766
6,31.313131313131315,0.8073152463445064,17.3535088122689,0.8016813,42100.08228901734,40030.9
6,32.323232323232325,0.7501589586193056,17.3535088122689,0.8056442,41279.45522490021,40460.03
6,33.333333333333336,0.840266420607366,17.3535088122689,0.80960697,40437.042959991755,40910.23
6,34.343434343434346,0.8444130831583514,17.3535088122689,0.81356984,38740.79458557474,41473.734
6,35.35353535353536,0.9142337823771791,17.3535088122689,0.8175329,44023.61018134317,42037.242
6,36.36363636363637,0.7576992754016437,17.3535088122689,0.8214958,40849.70380164911,42600.746
6,37.37373737373738,0.8889679269859222,17.3535088122689,0.82545877,41114.62753247228,43164.25
6,38.38383838383839,0.8267321734540264,17.3535088122689,0.8294217,44317.48807381145,43727.758
6,39.3939393939394,0.9073219677517771,17.3535088122689,0.8333849,46283.70276186989,44291.26
6,40.40404040404041,0.9165025337378656,17.3535088122689,0.83734745,45791.39723912613,44854.766
6,41.41414141414142,0.8994792802927142,17.3535088122689,0.8413103,45548.34895710914,45418.27
6,42.42424242424243,0.9498501800953648,17.3535088122689,0.8452736,46170.6509465194,45981.777
6,43.43434343434344,0.8525161664424902,17.3535088122689,0.84923625,47034.91028278794,46545.285
6,44.44444444444445,0.9751866135312811,17.3535088122689,0.85319936,47560.16278430409,47108.785
6,45.45454545454546,0.8890906240262457,17.3535088122689,0.85716194,47716.306440352564,47672.29
6,46.46464646464647,0.8511107087457545,17.3535088122689,0.86112505,48187.33829355711,48235.797
6,47.47474747474748,0.9194319319668794,17.3535088122689,0.86508846,48682.707586283934,48799.3
6,48.484848484848484,0.8321916522911028,17.3535088122689,0.86905104,48667.64100125117,49429.95
6,49.494949494949495,0.9533232912814383,17.3535088122689,0.87301385,49831.37674054164,50363.637
6,50.505050505050505,0.9310989275161644,17.3535088122689,0.87697697,49123.68258185978,51298.9
6,51.515151515151516,1.0,17.3535088122689,0.8809401,51437.02869926334,52234.156
6,52.525252525252526,0.9828000012568996,17.3535088122689,0.88490295,51279.64750026626,53169.414
6,53.535353535353536,0.8836239218090277,17.3535088122689,0.8888658,51911.660922916686,54104.676
6,54.54545454545455,0.9140051418617919,17.3535088122689,0.8928288,53956.29737535739,55039.934
6,55.55555555555556,0.9844996676952574,17.3535088122689,0.8967917,55943.69984597613,55975.19
6,56.56565656565657,1.0,17.3535088122689,0.9007543,56259.449852417645,56910.453
6,57.57575757575758,1.0,17.3535088122689,0.9047172,54574.20968093214,57845.71
6,58.58585858585859,1.0,17.3535088122689,0.90868056,55972.800537481126,58780.965
6,59.5959595959596,0.9627536338602631,17.3535088122689,0.91264373,58735.05960289201,59716.23
6,60.60606060606061,0.9872433030930652,17.3535088122689,0.9166062,57657.80211357399,60651.492
6,61.61616161616162,1.0,17.3535088122689,0.9205692,59275.79880067995,61586.75
6,62.62626262626263,0.9573849426791186,17.3535088122689,0.924532,60924.76784462238,62522.004
6,63.63636363636364,0.9931083977495035,17.3535088122689,0.92849547,60294.79643701123,63457.273
6,64.64646464646465,0.959258747879974,17.3535088122689,0.93245816,62271.08289565403,64392.52
6,65.65656565656566,0.9494504387385285,17.3535088122689,0.936421,61748.38974357924,65327.78
6,66.66666666666667,0.9807315700437406,17.3535088122689,0.9403841,63411.89679489179,66263.04
6,67.67676767676768,0.9451737673996294,17.3535088122689,0.9443468,65278.03692468728,67198.305
6,68.68686868686869,0.9741723786038703,17.3535088122689,0.9483097,64324.39316007097,68133.56
6,69.6969696969697,0.9300704677614504,17.3535088122689,0.95227295,67331.13488597712,69068.82
6,70.70707070707071,0.9733552539313297,17.3535088122689,0.9562357,67858.43695486031,70004.086
6,71.71717171717172,1.0,17.3535088122689,0.9601987,69432.12066533059,70939.34
6,72.72727272727273,0.9553150658366106,17.3535088122689,0.9641618,70119.24215346071,71874.6
6,73.73737373737374,0.9860860761747443,17.3535088122689,0.9681247,72289.30710920868,72809.87
6,74.74747474747475,0.9934070973649807,17.3535088122689,0.9720873,72094.3711930777,73745.12
6,75.75757575757576,1.0,17.3535088122689,0.9760507,72597.8625118557,74680.38
6,76.76767676767678,0.9812600136257879,17.3535088122689,0.9800136,74221.82826992054,75615.63
6,77.77777777777779,1.0,17.3535088122689,0.9839768,75729.23286118814,76550.9
6,78.7878787878788,0.8842255224403128,17.3535088122689,0.9879394,76335.34031909711,77486.16
6,79.7979797979798,1.0,17.3535088122689,0.99190265,77441.75870795114,78421.414
6,80.80808080808082,0.9468993476961095,17.3535088122689,0.99586535,77828.00344827253,79356.68
6,81.81818181818183,1.0,17.3535088122689,0.99982876,79010.06368921652,80291.94
6,82.82828282828284,0.9445858767886632,17.3535088122689,1.0037913,79427.47015701215,81227.2
6,83.83838383838385,1.0,17.3535088122689,1.0077541,83750.90434539934,82162.46
6,84.84848484848486,1.0,17.3535088122689,1.0117168,81942.85789157782,83097.71
6,85.85858585858587,0.9603388362311783,17.3535088122689,1.0156801,83693.3508052861,84032.98
6,86.86868686868688,1.0,17.3535088122689,1.0196438,84881.52496498189,84968.24
6,87.87878787878789,0.9854619823637054,17.3535088122689,1.0236051,87722.67418632077,85903.484
6,88.8888888888889,1.0,17.3535088122689,1.0275683,87774.75906126572,86838.75
6,89.89898989898991,0.948500714064112,17.3535088122689,1.0315316,90573.55109376907,87774.01
6,90.90909090909092,0.9931341574449308,17.3535088122689,1.0354949,89922.56002974525,88709.27
6,91.91919191919193,1.0,17.3535088122689,1.0394578,92159.42780046287,89644.53
6,92.92929292929294,1.0,17.3535088122689,1.0434208,92343.61092058544,90579.79
6,93.93939393939395,1.0,17.3535088122689,1.0473833,96636.7727885809,91515.055
6,94.94949494949496,0.9733401422931879,17.3535088122689,1.0513465,94630.83228009648,92450.305
6,95.95959595959597,0.9993998551281784,17.3535088122689,1.0553088,97469.19979902767,93385.57
6,96.96969696969697,1.0,17.3535088122689,1.0592723,99148.24571076354,94320.82
6,97.97979797979798,1.0,17.3535088122689,1.0632353,100297.49901966997,95256.08
6,98.98989898989899,0.9428298697662973,17.3535088122689,1.0671982,101081.78470708393,96191.34
6,100.0,1.0,17.3535088122689,1.0711613,102534.76546132757,97126.6
7,0.0,0.0,20.219057359895547,3.194809e-05,31215.722234272034,29920.514
7,1.0101010101010102,0.0,20.219057359895547,7.3343515e-05,30403.171691758253,30132.97
7,2.0202020202020203,0.0,20.219057359895547,2.6136637e-05,31810.567796199673,30345.428
7,3.0303030303030303,0.0,20.219057359895547,0.00088119507,30742.208877402292,30557.887
7,4.040404040404041,0.0,20.219057359895547,0.007570356,31419.526663135184,30770.338
7,5.050505050505051,0.0,20.219057359895547,0.04340735,30983.65226530795,30982.793
7,6.0606060606060606,0.1134353656697897,20.219057359895547,0.079206824,31215.297496256033,31195.25
7,7.070707070707071,0.006481176537258444,20.219057359895547,0.11500633,31351.741482845417,31407.707
7,8.080808080808081,0.18659384368856916,20.219057359895547,0.15080568,31118.755674251694,31620.164
7,9.090909090909092,0.24257601292910852,20.219057359895547,0.18660522,32248.318564923724,31832.62
7,10.101010101010102,0.18143955550342408,20.219057359895547,0.22216931,31452.106469327642,32045.074
7,11.111111111111112,0.28464201558921565,20.219057359895547,0.25738275,32243.697461819454,32257.531
7,12.121212121212121,0.3815811983503543,20.219057359895547,0.29252005,31661.064545015975,32469.986
7,13.131313131313131,0.3222965825617777,20.219057359895547,0.32556593,31031.092764796715,32682.441
7,14.141414141414142,0.36949866531222814,20.219057359895547,0.3568529,33667.2314916554,32894.9
7,15.151515151515152,0.3865446038710443,20.219057359895547,0.38725832,33457.53776513097,33107.35
7,16.161616161616163,0.39854575342955767,20.219057359895547,0.41766378,35463.71707289683,33319.812
7,17.171717171717173,0.44834225186051985,20.219057359895547,0.44684055,32361.896074588756,33532.266
7,18.181818181818183,0.44914998519107135,20.219057359895547,0.47586438,33441.55202416711,33757.25
7,19.191919191919194,0.5397493061103769,20.219057359895547,0.505018,33780.45831397973,34112.57
7,20.202020202020204,0.5255300057085054,20.219057359895547,0.53425646,35170.59820287833,34467.895
7,21.212121212121215,0.6001051438976224,20.219057359895547,0.56349504,33960.193526648516,34823.22
7,22.222222222222225,0.5335210786126728,20.219057359895547,0.59273326,33596.141909214464,35178.54
7,23.232323232323235,0.6493735960195449,20.219057359895547,0.6219716,36288.68510088477,35533.863
7,24.242424242424242,0.6947267289579154,20.219057359895547,0.6512101,35091.727478620276,35889.184
7,25.252525252525253,0.5723774411656897,20.219057359895547,0.68044853,36628.33241948953,36244.508
7,26.262626262626263,0.708654096988141,20.219057359895547,0.70968664,36867.008398861966,36599.832
7,27.272727272727273,0.7681688298058303,20.219057359895547,0.73892534,36443.85029889798,36955.156
7,28.282828282828284,0.6621530554899575,20.219057359895547,0.75416076,36682.16752892032,37310.477
7,29.292929292929294,0.8211926351466999,20.219057359895547,0.75860953,36861.46657520433,37665.805
7,30.303030303030305,0.772582046394002,20.219057359895547,0.7630575,37648.198086767465,38021.125
7,31.313131313131315,0.7296405248928199,20.219057359895547,0.767506,38950.660962135684,38376.445
7,32.323232323232325,0.7746065144800693,20.219057359895547,0.77195466,37729.09976175733,38731.77
7,33.333333333333336,0.817106302031371,20.219057359895547,0.77640295,39086.17446630216,39087.094
7,34.343434343434346,0.8041203598599527,20.219057359895547,0.78085136,38324.29598759462,39442.418
7,35.35353535353536,0.8377641335476582,20.219057359895547,0.7852993,38928.2294488759,39797.742
7,36.36363636363637,0.7747131609409401,20.219057359895547,0.7897476,40384.614637311395,40153.062
7,37.37373737373738,0.8385852085579518,20.219057359895547,0.7941958,38962.42326514638,40508.387
7,38.38383838383839,0.7682847467918525,20.219057359895547,0.7986442,43503.97721545372,40863.71
7,39.3939393939394,0.8417763885181643,20.219057359895547,0.80309224,40785.00565574916,41219.035
7,40.40404040404041,0.8100523295274636,20.219057359895547,0.80754113,42486.433796248835,41574.355
7,41.41414141414142,0.8259510172117226,20.219057359895547,0.8119893,44257.00641539251,41929.68
7,42.42424242424243,0.9316069791495591,20.219057359895547,0.8164375,42801.959425919675,42285.0
7,43.43434343434344,0.9310612226682764,20.219057359895547,0.8208859,41952.05353264425,42923.66
7,44.44444444444445,0.9132866804315591,20.219057359895547,0.8253337,44413.50020600736,43795.29
7,45.45454545454546,0.8342095197729256,20.219057359895547,0.82978237,44601.130716423235,44666.92
7,46.46464646464647,0.8786808025370649,20.219057359895547,0.83423066,43830.89240469894,45538.555
7,47.47474747474748,0.9605310032975024,20.219057359895547,0.83867896,47037.280309079004,46410.19
7,48.484848484848484,0.9120526967225872,20.219057359895547,0.84312713,47618.41846837987,47281.82
7,49.494949494949495,1.0,20.219057359895547,0.8475759,49226.39493674966,48153.46
7,50.505050505050505,0.9340245957372191,20.219057359895547,0.8520241,47649.79967917959,49025.09
7,51.515151515151516,0.9282913335525516,20.219057359895547,0.85647213,47871.84880716589,49950.1
7,52.525252525252526,0.9073373044651516,20.219057359895547,0.86092055,49778.43514590351,50877.46
7,53.535353535353536,0.9333609262110183,20.219057359895547,0.8653687,50824.79819170246,51804.82
7,54.54545454545455,0.9227493327401948,20.219057359895547,0.869817,52576.28276188378,52732.184
7,55.55555555555556,0.9692763876930985,20.219057359895547,0.8742657,53821.10315851243,53659.543
7,56.56565656565657,0.9850237339110933,20.219057359895547,0.8787143,54394.42596844887,54586.9
7,57.57575757575758,0.9010360891416347,20.219057359895547,0.8831618,54239.71186889271,55514.26
7,58.58585858585859,0.8767593181506569,20.219057359895547,0.8876102,55559.69850938698,56441.617
7,59.5959595959596,0.8543432109401892,20.219057359895547,0.8920591,54930.54656142072,57368.984
7,60.60606060606061,0.9742408247738222,20.219057359895547,0.8965069,56564.08561539647,58296.344
7,61.61616161616162,0.8962236625897844,20.219057359895547,0.9009552,56042.860396789016,59223.703
7,62.62626262626263,0.8461684085408,20.219057359895547,0.9054036,58149.10573254355,60151.062
7,63.63636363636364,0.9755398712988417,20.219057359895547,0.9098524,59041.14651905881,61078.426
7,64.64646464646465,1.0,20.219057359895547,0.9143003,61554.51759977417,62005.78
7,65.65656565656566,0.9600600680917829,20.219057359895547,0.9187485,60497.104991451604,62933.14
7,66.66666666666667,1.0,20.219057359895547,0.9231968,61723.63923587206,63860.504
7,67.67676767676768,0.9682889971815511,20.219057359895547,0.9276458,62791.87604563201,64787.86
7,68.68686868686869,0.9610264103236933,20.219057359895547,0.9320936,63035.22223215697,65715.23
7,69.6969696969697,1.0,20.219057359895547,0.9365417,63636.4874193835,66642.586
7,70.70707070707071,0.9547410615254492,20.219057359895547,0.94098985,66700.53876841618,67569.945
7,71.71717171717172,0.984143894454248,20.219057359895547,0.9454386,65397.36697800709,68497.305
7,72.72727272727273,0.9883025919823494,20.219057359895547,0.94988656,66040.73301310264,69424.664
7,73.73737373737374,0.9401844338312431,20.219057359895547,0.9543352,69053.0928143322,70352.02
7,74.74747474747475,1.0,20.219057359895547,0.9587835,70548.62831373178,71279.38
7,75.75757575757576,0.9673815406617399,20.219057359895547,0.96323144,69971.19953720245,72206.74
7,76.76767676767678,0.9395183911010746,20.219057359895547,0.96767986,71032.1611166728,73134.11
7,77.77777777777779,1.0,20.219057359895547,0.9721278,72810.17322637333,74061.47
7,78.7878787878788,0.9345618416075798,20.219057359895547,0.9765762,72893.00180589147,74988.836
7,79.7979797979798,0.9819035524298676,20.219057359895547,0.98102486,73906.17643081509,75916.19
7,80.80808080808082,0.9809977081791773,20.219057359895547,0.9854734,76668.32569463008,76843.555
7,81.81818181818183,1.0,20.219057359895547,0.9899217,77510.51804906825,77770.914
7,82.82828282828284,1.0,20.219057359895547,0.99437,79343.00936266794,78698.27
7,83.83838383838385,0.9828038818474215,20.219057359895547,0.9988185,77921.53467847379,79625.63
7,84.84848484848486,1.0,20.219057359895547,1.003267,79827.7441048424,80552.99
7,85.85858585858587,1.0,20.219057359895547,1.0077151,81781.27874136045,81480.35
7,86.86868686868688,1.0,20.219057359895547,1.0121635,81758.1806030789,82407.71
7,87.87878787878789,0.9874795167627548,20.219057359895547,1.0166112,84523.00085019442,83335.07
7,88.8888888888889,0.9220093174740188,20.219057359895547,1.02106,86317.2621468769,84262.43
7,89.89898989898991,0.934953168772975,20.219057359895547,1.0255077,85734.40842045829,85189.79
7,90.90909090909092,0.973525390234233,20.219057359895547,1.0299567,87595.29935237199,86117.15
7,91.91919191919193,0.9588603308269064,20.219057359895547,1.0344049,90265.07680810965,87044.51
7,92.92929292929294,0.980509648797722,20.219057359895547,1.0388533,91875.2900853554,87971.87
7,93.93939393939395,0.9931872845850265,20.219057359895547,1.0433012,92102.18984012892,88899.23
7,94.94949494949496,1.0,20.219057359895547,1.0477494,93243.99752741853,89826.59
7,95.95959595959597,0.9877509414996051,20.219057359895547,1.052198,93104.82127112067,90753.95
7,96.96969696969697,1.0,20.219057359895547,1.0566461,95639.56634426831,91681.32
7,97.97979797979798,0.9953323918897388,20.219057359895547,1.0610945,97172.78660901466,92608.67
7,98.98989898989899,0.8937213232975252,20.219057359895547,1.0655433,97755.0141205321,93536.04
7,100.0,0.9458949171985866,20.219057359895547,1.0699911,98733.8362218152,94463.4
8,0.0,0.0,13.593511632615726,-9.924173e-06,21692.400950653766,19048.312
8,1.0101010101010102,0.0,13.593511632615726,0.00016440451,21364.487192858993,19161.95
8,2.0202020202020203,0.0,13.593511632615726,-0.004018739,19355.391967917163,19275.586
8,3.0303030303030303,0.0,13.593511632615726,0.0007490143,18757.19038678005,19389.223
8,4.040404040404041,0.0,13.593511632615726,0.00482478,20059.829202594872,19502.86
8,5.050505050505051,0.0559300112515573,13.593511632615726,0.065052904,18202.207430984417,19616.494
8,6.0606060606060606,0.16525988405239614,13.593511632615726,0.14007437,20355.087056844637,19730.129
8,7.070707070707071,0.22066906715467993,13.593511632615726,0.21509579,19955.158007722763,19843.766
8,8.080808080808081,0.2288374274760554,13.593511632615726,0.29011735,19717.13404876375,19957.402
8,9.090909090909092,0.40206499353521347,13.593511632615726,0.36483133,18678.446145224745,20071.037
8,10.101010101010102,0.426436849490346,13.593511632615726,0.42695707,20886.296686169797,20184.674
8,11.111111111111112,0.4742104238462696,13.593511632615726,0.47778645,19949.111812295694,20298.31
8,12.121212121212121,0.5478818322451633,13.593511632615726,0.51743513,19430.580593853832,20411.945
8,13.131313131313131,0.5062854905945857,13.593511632615726,0.55708367,17856.488699137975,20525.582
8,14.141414141414142,0.6449132268103258,13.593511632615726,0.5967322,20839.058195473477,20639.219
8,15.151515151515152,0.6111501384018004,13.593511632615726,0.63638073,22786.215590547337,20861.387
8,16.161616161616163,0.6935051272813716,13.593511632615726,0.6760294,22832.18280702793,21084.355
8,17.171717171717173,0.7140120055252931,13.593511632615726,0.6951043,20880.355639745245,21307.322
8,18.181818181818183,0.6511174939435609,13.593511632615726,0.712831,20911.33684507018,21530.291
8,19.191919191919194,0.7517582922488166,13.593511632615726,0.73055786,22167.988875856412,21753.258
8,20.202020202020204,0.7644794638257968,13.593511632615726,0.7482849,20896.06360019152,21976.227
8,21.212121212121215,0.769417684748645,13.593511632615726,0.76601154,22401.044064046684,22199.193
8,22.222222222222225,0.781271506468737,13.593511632615726,0.78373855,23079.704272708303,22422.16
8,23.232323232323235,0.7982855416602191,13.593511632615726,0.80146533,23764.497753553303,22645.129
8,24.242424242424242,0.8584421421220825,13.593511632615726,0.8191921,22670.919693783413,22868.098
8,25.252525252525253,0.860689710693018,13.593511632615726,0.83691895,22810.477965929756,23091.062
8,26.262626262626263,0.8461733362158353,13.593511632615726,0.85464585,22388.815780442514,23331.74
8,27.272727272727273,0.7818754150524808,13.593511632615726,0.8723728,22702.13336950055,23619.281
8,28.282828282828284,0.8920742096157998,13.593511632615726,0.89009935,23574.318893229203,23906.816
8,29.292929292929294,0.9135503605934737,13.593511632615726,0.90782636,24449.516058786223,24194.355
8,30.303030303030305,1.0,13.593511632615726,0.9255533,25286.656650291592,24481.893
8,31.313131313131315,0.9488761008875628,13.593511632615726,0.930383,23870.383250715287,24769.43
8,32.323232323232325,0.8079894044117424,13.593511632615726,0.9339227,26476.30965294143,25056.969
8,33.333333333333336,0.9141059256346952,13.593511632615726,0.93746156,25032.125070774604,25345.06
8,34.343434343434346,1.0,13.593511632615726,0.9410009,25611.077670552986,25637.621
8,35.35353535353536,0.9542066325386386,13.593511632615726,0.94453996,25223.99828408684,25930.182
8,36.36363636363637,0.9451570830046537,13.593511632615726,0.9480795,23895.30340654395,26222.742
8,37.37373737373738,0.9789980449492323,13.593511632615726,0.95161813,27561.491472009155,26515.305
8,38.38383838383839,0.9077312025035786,13.593511632615726,0.95248693,27781.76108682074,26807.863
8,39.3939393939394,0.9672510333177231,13.593511632615726,0.9533232,27140.62945193929,27100.428
8,40.40404040404041,0.9349813558778758,13.593511632615726,0.9541586,27875.556250860554,27392.988
8,41.41414141414142,0.9503700664966739,13.593511632615726,0.9549946,28720.681981166952,27685.547
8,42.42424242424243,0.9963329603010026,13.593511632615726,0.9558303,27047.942841652464,27988.088
8,43.43434343434344,0.911868333113897,13.593511632615726,0.95651215,28496.750661517854,28571.893
8,44.44444444444445,1.0,13.593511632615726,0.95712084,30244.95136406011,29175.363
8,45.45454545454546,0.9429352230332742,13.593511632615726,0.95772976,28630.849312092156,29778.922
8,46.46464646464647,0.9797230594902298,13.593511632615726,0.9583387,30622.717423500144,30405.02
8,47.47474747474748,0.8990856899914397,13.593511632615726,0.9589469,29426.167148031207,31031.248
8,48.484848484848484,1.0,13.593511632615726,0.95955604,31712.337101658217,31657.477
8,49.494949494949495,1.0,13.593511632615726,0.96016425,31682.99250874628,32283.705
8,50.505050505050505,0.9496253465909706,13.593511632615726,0.9607727,30585.797752206316,32909.934
8,51.515151515151516,0.9216307100592772,13.593511632615726,0.96138114,33857.533204886044,33536.16
8,52.525252525252526,0.9926949750022639,13.593511632615726,0.96199006,32459.63526119686,34162.387
8,53.535353535353536,1.0,13.593511632615726,0.96259874,32894.97609379556,34788.617
8,54.54545454545455,0.9092574805607943,13.593511632615726,0.9632068,34426.36812610489,35414.844
8,55.55555555555556,0.92775270541615,13.593511632615726,0.9638154,35904.575381615665,36041.07
8,56.56565656565657,0.9615805673085165,13.593511632615726,0.9644243,34279.824021770546,36667.297
8,57.57575757575758,0.944405983205438,13.593511632615726,0.96503264,35906.602204407885,37293.527
8,58.58585858585859,0.9456147669382916,13.593511632615726,0.9656412,36832.58407395045,37919.754
8,59.5959595959596,0.8827426566108267,13.593511632615726,0.96625,37665.28710519198,38545.98
8,60.60606060606061,1.0,13.593511632615726,0.9668589,37726.605682764,39172.207
8,61.61616161616162,1.0,13.593511632615726,0.96746737,37770.68762321039,39798.438
8,62.62626262626263,0.9050267119523874,13.593511632615726,0.9680763,37907.2452817009,40424.668
8,63.63636363636364,1.0,13.593511632615726,0.96868485,39427.6681307009,41050.895
8,64.64646464646465,1.0,13.593511632615726,0.9692933,38885.64268622281,41677.12
8,65.65656565656566,0.954436252410014,13.593511632615726,0.9699021,37662.257370516694,42303.348
8,66.66666666666667,1.0,13.593511632615726,0.97051007,41655.56251922084,42929.574
8,67.67676767676768,0.9644427805756749,13.593511632615726,0.9711186,42767.901122450225,43555.8
8,68.68686868686869,1.0,13.593511632615726,0.9717271,40155.56611737204,44182.03
8,69.6969696969697,0.9522612811726013,13.593511632615726,0.9723365,42172.86882500277,44808.258
8,70.70707070707071,1.0,13.593511632615726,0.97294444,44475.42347276573,45434.49
8,71.71717171717172,0.9800723966225681,13.593511632615726,0.9735525,46597.00306876904,46060.715
8,72.72727272727273,1.0,13.593511632615726,0.9741624,45253.10839927855,46686.945
8,73.73737373737374,0.9611859441703396,13.593511632615726,0.9747707,45206.68754816879,47313.17
8,74.74747474747475,1.0,13.593511632615726,0.9753793,46463.73855133686,47939.402
8,75.75757575757576,1.0,13.593511632615726,0.97598726,48743.02461988264,48565.63
8,76.76767676767678,1.0,13.593511632615726,0.97659606,47453.26593515168,49191.855
8,77.77777777777779,1.0,13.593511632615726,0.9772052,48040.688726416694,49818.086
8,78.7878787878788,0.965716187869029,13.593511632615726,0.97781366,49107.35653492464,50444.312
8,79.7979797979798,1.0,13.593511632615726,0.978422,49396.559478136674,51070.543
8,80.80808080808082,0.9970244955580181,13.593511632615726,0.97903067,51241.915136927884,51696.77
8,81.81818181818183,1.0,13.593511632615726,0.9796391,53522.848719189344,52322.996
8,82.82828282828284,1.0,13.593511632615726,0.98024744,53009.7436788715,52949.223
8,83.83838383838385,0.9654381148197958,13.593511632615726,0.98085576,53232.373753913846,53575.45
8,84.84848484848486,1.0,13.593511632615726,0.9814649,54000.547542658234,54201.68
8,85.85858585858587,1.0,13.593511632615726,0.9820737,53546.368263659766,54827.906
8,86.86868686868688,0.8596429524579808,13.593511632615726,0.9826817,56819.43781553521,55454.137
8,87.87878787878789,1.0,13.593511632615726,0.98329085,56694.828512655884,56080.355
8,88.8888888888889,0.9769633291022298,13.593511632615726,0.98389965,57438.092172607656,56706.586
8,89.89898989898991,0.9543546821442399,13.593511632615726,0.9845086,61667.15473582174,57332.812
8,90.90909090909092,0.9565900259929938,13.593511632615726,0.985117,59637.843863370144,57959.043
8,91.91919191919193,0.9920802615664651,13.593511632615726,0.9857251,59461.91239718585,58585.273
8,92.92929292929294,1.0,13.593511632615726,0.98633343,60671.52704860105,59211.496
8,93.93939393939395,0.9307292477256381,13.593511632615726,0.9869419,63140.080256777896,59837.727
8,94.94949494949496,1.0,13.593511632615726,0.98755103,63008.223566142435,60463.957
8,95.95959595959597,1.0,13.593511632615726,0.9881589,62369.56249055983,61090.188
8,96.96969696969697,1.0,13.593511632615726,0.98876816,65649.5254219739,61716.41
8,97.97979797979798,0.9454244585065703,13.593511632615726,0.98937565,64994.1771256302,62342.637
8,98.98989898989899,0.9818314441405964,13.593511632615726,0.9899848,68477.21241640623,62968.867
8,100.0,1.0,13.593511632615726,0.99059385,68635.12484017182,63595.098
9,0.0,0.0,17.763390521706246,0.00012391806,36288.670693860135,30484.025
9,1.0101010101010102,0.0,17.763390521706246,-0.00010627508,34580.97720416885,30953.096
9,2.0202020202020203,0.0,17.763390521706246,0.00010436773,35612.68304963634,31422.168
9,3.0303030303030303,0.0,17.763390521706246,-0.0002438426,33682.82467382067,31891.24
9,4.040404040404041,0.0,17.763390521706246,-0.0003004074,35337.032849286516,32360.314
9,5.050505050505051,0.0,17.763390521706246,0.011329412,34110.267999239506,32829.387
9,6.0606060606060606,0.08786205150555909,17.763390521706246,0.05598983,36597.29289631526,33298.457
9,7.070707070707071,0.08608973834705229,17.763390521706246,0.10065025,36987.6524603632,33767.53
9,8.080808080808081,0.14401790588168992,17.763390521706246,0.1452775,35211.14279018578,34236.6
9,9.090909090909092,0.17315737125904077,17.763390521706246,0.18951625,36659.02826653207,34705.676
9,10.101010101010102,0.2945416032503372,17.763390521706246,0.285806,37303.54145529772,35174.746
9,11.111111111111112,0.4250282646805594,17.763390521706246,0.36382648,37498.634546763344,35643.82
9,12.121212121212121,0.3134823947175269,17.763390521706246,0.39523256,37020.44488598421,36112.895
9,13.131313131313131,0.40973853272967303,17.763390521706246,0.42663863,37768.196600424744,36581.965
9,14.141414141414142,0.517786749058359,17.763390521706246,0.45804468,36630.5276308932,37051.04
9,15.151515151515152,0.4790654927867005,17.763390521706246,0.4894507,37627.01757152029,37520.11
9,16.161616161616163,0.538983934787935,17.763390521706246,0.52085674,37358.89700722254,37989.184
9,17.171717171717173,0.4942119732677606,17.763390521706246,0.5522627,37392.38689347733,38458.258
9,18.181818181818183,0.597546613359546,17.763390521706246,0.5836688,38480.481857081366,38927.324
9,19.191919191919194,0.5935756351767971,17.763390521706246,0.6118326,39128.26158521853,39396.402
9,20.202020202020204,0.6771770146549776,17.763390521706246,0.6384389,40298.62186556384,39865.473
9,21.212121212121215,0.7105144454688019,17.763390521706246,0.6548735,39772.719658555805,40334.543
9,22.222222222222225,0.8023038239536406,17.763390521706246,0.6611295,40540.014844966216,40803.613
9,23.232323232323235,0.7220317162782532,17.763390521706246,0.6673854,40959.95680710162,41272.688
9,24.242424242424242,0.7282163906782919,17.763390521706246,0.6736413,43420.86646849613,41741.76
9,25.252525252525253,0.7392736358060547,17.763390521706246,0.6798973,39368.02731357335,42210.832
9,26.262626262626263,0.7283663655127726,17.763390521706246,0.6861533,40952.92260915519,42679.91
9,27.272727272727273,0.7783452236620573,17.763390521706246,0.69240916,43595.778432726554,43148.98
9,28.282828282828284,0.7610503404087114,17.763390521706246,0.698665,42268.64435473079,43618.05
9,29.292929292929294,0.7977166614780209,17.763390521706246,0.704921,44023.46476163144,44087.12
9,30.303030303030305,0.8677857083869659,17.763390521706246,0.711177,43902.74448733769,44556.195
9,31.313131313131315,0.7633900257547686,17.763390521706246,0.7174329,46331.07984942767,45025.27
9,32.323232323232325,0.8817769297944532,17.763390521706246,0.72368884,43684.03465090043,45494.34
9,33.333333333333336,0.9010102877407695,17.763390521706246,0.7299448,46608.17040532711,45963.414
9,34.343434343434346,0.8389755874177025,17.763390521706246,0.7362007,47743.301078024626,46432.49
9,35.35353535353536,0.7479073895019617,17.763390521706246,0.7424567,45604.719960627626,46901.56
9,36.36363636363637,0.8321672241324848,17.763390521706246,0.74871266,48045.49729152015,47370.633
9,37.37373737373738,0.9354407400055379,17.763390521706246,0.7549685,46958.6864173526,47839.703
9,38.38383838383839,0.8769894827900694,17.763390521706246,0.7612245,48633.972476059294,48308.777
9,39.3939393939394,0.8352509923804616,17.763390521706246,0.7674805,49044.91861878419,49090.332
9,40.40404040404041,0.8666317632489949,17.763390521706246,0.7737365,47614.51740460855,50155.37
9,41.41414141414142,0.9401548133581166,17.763390521706246,0.77999234,51175.33953486168,51241.227
9,42.42424242424243,0.9313384383123646,17.763390521706246,0.78624827,51646.347523497236,52334.902
9,43.43434343434344,0.8975816880352759,17.763390521706246,0.7925042,53752.05955513766,53428.582
9,44.44444444444445,0.8963844643724248,17.763390521706246,0.7987601,53672.16560732201,54522.25
9,45.45454545454546,0.9000267645903759,17.763390521706246,0.80501604,56158.01639279146,55615.934
9,46.46464646464647,0.8780940617156713,17.763390521706246,0.811272,54798.35451193132,56709.61
9,47.47474747474748,1.0,17.763390521706246,0.817528,55428.030884089894,57808.566
9,48.484848484848484,0.9165018878979644,17.763390521706246,0.82378405,56209.52223671436,58908.652
9,49.494949494949495,0.997311740568628,17.763390521706246,0.83003986,56832.67727283862,60008.73
9,50.505050505050505,1.0,17.763390521706246,0.83629584,55960.971309026434,61108.812
9,51.515151515151516,0.9933828578102082,17.763390521706246,0.84255177,58863.05298503933,62208.895
9,52.525252525252526,0.9250903319774278,17.763390521706246,0.84880775,57947.98741734924,63308.98
9,53.535353535353536,0.9698762784818988,17.763390521706246,0.85506356,61418.53916520864,64409.06
9,54.54545454545455,0.9513239850414046,17.763390521706246,0.8613196,60695.17835008959,65509.145
9,55.55555555555556,0.9100286863367386,17.763390521706246,0.8675754,62027.707986508736,66609.23
9,56.56565656565657,0.9739575719546044,17.763390521706246,0.87383145,63257.50152690125,67709.305
9,57.57575757575758,0.9011684336691282,17.763390521706246,0.88008744,64744.91694115689,68809.4
9,58.58585858585859,1.0,17.763390521706246,0.8863433,65997.72963624517,69909.48
9,59.5959595959596,0.9412499944087909,17.763390521706246,0.8925994,68134.41951181488,71009.555
9,60.60606060606061,0.9765340779208306,17.763390521706246,0.8988553,67549.5575277696,72109.64
9,61.61616161616162,0.9825220118321402,17.763390521706246,0.90511125,69702.45059513453,73209.73
9,62.62626262626263,0.9571868334763783,17.763390521706246,0.91136706,73066.45767487044,74309.805
9,63.63636363636364,1.0,17.763390521706246,0.91762304,71844.29627224446,75409.89
9,64.64646464646465,0.9496392536599855,17.763390521706246,0.923879,72435.88005348365,76509.96
9,65.65656565656566,1.0,17.763390521706246,0.9301349,73004.7116085207,77610.055
9,66.66666666666667,0.9089797240953729,17.763390521706246,0.936391,74775.09427816207,78710.125
9,67.67676767676768,0.9839232984196029,17.763390521706246,0.942647,75286.83718820606,79810.22
9,68.68686868686869,1.0,17.763390521706246,0.9489027,77663.41981183196,80910.3
9,69.6969696969697,0.9300188183986726,17.763390521706246,0.9551587,78738.07252221998,82010.38
9,70.70707070707071,0.9472619378092084,17.763390521706246,0.96141475,77730.1483061949,83110.46
9,71.71717171717172,1.0,17.763390521706246,0.96767074,81149.71780997838,84210.54
9,72.72727272727273,0.9921714647330463,17.763390521706246,0.97392666,83538.3995621159,85310.63
9,73.73737373737374,1.0,17.763390521706246,0.98018235,83375.18797610422,86410.71
9,74.74747474747475,1.0,17.763390521706246,0.98643845,84451.5187798262,87510.8
9,75.75757575757576,1.0,17.763390521706246,0.99269444,85074.89964815136,88610.88
9,76.76767676767678,1.0,17.763390521706246,0.9989503,85960.86239377395,89710.96
9,77.77777777777779,1.0,17.763390521706246,1.0052063,90034.52686169141,90811.04
9,78.7878787878788,0.9760166694592959,17.763390521706246,1.0114622,90424.09156937842,91911.125
9,79.7979797979798,1.0,17.763390521706246,1.0177181,92798.05291039021,93011.21
9,80.80808080808082,1.0,17.763390521706246,1.0239742,94995.88568749507,94111.29
9,81.81818181818183,0.9833266931748335,17.763390521706246,1.03023,95842.40936745444,95211.37
9,82.82828282828284,0.9417895991293638,17.763390521706246,1.036486,95853.45824583346,96311.46
9,83.83838383838385,1.0,17.763390521706246,1.0427419,98033.43626175768,97411.54
9,84.84848484848486,0.9855208005496572,17.763390521706246,1.0489979,98784.6029068707,98511.62
9,85.85858585858587,0.883375891372609,17.763390521706246,1.055254,100219.96362945315,99611.695
9,86.86868686868688,1.0,17.763390521706246,1.0615098,102818.01271958431,100711.79
9,87.87878787878789,0.9661049884245172,17.763390521706246,1.0677657,103207.91828429006,101811.87
9,88.8888888888889,0.9887401034749445,17.763390521706246,1.0740218,103414.14430364573,102911.94
9,89.89898989898991,1.0,17.763390521706246,1.0802777,106336.30092743295,104012.02
9,90.90909090909092,1.0,17.763390521706246,1.0865334,108536.7897199985,105112.11
9,91.91919191919193,1.0,17.763390521706246,1.0927895,112002.36055714304,106212.195
9,92.92929292929294,0.9728659281635831,17.763390521706246,1.0990455,111645.38494516467,107312.27
9,93.93939393939395,1.0,17.763390521706246,1.1053014,114321.67596688989,108412.36
9,94.94949494949496,0.9822404553012275,17.763390521706246,1.1115575,115332.9422678228,109512.44
9,95.95959595959597,1.0,17.763390521706246,1.1178135,118437.2234166792,110612.52
9,96.96969696969697,1.0,17.763390521706246,1.1240691,120095.55157439633,111712.6
9,97.97979797979798,0.9491973770024799,17.763390521706246,1.1303256,121860.33635539559,112812.69
9,98.98989898989899,1.0,17.763390521706246,1.136581,120713.95292706125,113912.766
9,100.0,0.9696052137358331,17.763390521706246,1.1428373,124436.50485514624,115012.85
10,0.0,0.0,23.79469300060974,-1.090765e-05,41540.79613500583,40997.98
10,1.0101010101010102,0.0,23.79469300060974,0.0013691187,44591.18327060152,41348.188
10,2.0202020202020203,0.0,23.79469300060974,0.00018671155,42459.01954092055,41698.395
10,3.0303030303030303,0.0,23.79469300060974,-7.712841e-05,42766.532480250804,42048.61
10,4.040404040404041,0.0,23.79469300060974,0.0043268204,42900.24140719341,42398.812
10,5.050505050505051,0.0,23.79469300060974,0.009161353,44966.00158196582,42749.023
10,6.0606060606060606,0.0583341466481514,23.79469300060974,0.014118254,41571.606967595246,43099.23
10,7.070707070707071,0.0,23.79469300060974,0.018777162,46980.80431323368,43449.44
10,8.080808080808081,0.0,23.79469300060974,0.02632749,45054.944091860314,43799.65
10,9.090909090909092,0.12130215432317923,23.79469300060974,0.105133235,44398.01460536481,44149.86
10,10.101010101010102,0.17476237634972708,23.79469300060974,0.18393898,44315.827004281586,44500.066
10,11.111111111111112,0.24095349227601878,23.79469300060974,0.23564613,44872.277298638575,44850.277
10,12.121212121212121,0.24218688717583592,23.79469300060974,0.26223868,45343.90477626412,45200.48
10,13.131313131313131,0.3005838455262314,23.79469300060974,0.28883117,45724.11396315952,45550.69
10,14.141414141414142,0.3877465369641434,23.79469300060974,0.31542376,45910.67577775842,45900.9
10,15.151515151515152,0.2938005059297518,23.79469300060974,0.34201625,45740.88183277655,46251.105
10,16.161616161616163,0.3172575059027955,23.79469300060974,0.3686088,45770.24947620113,46601.32
10,17.171717171717173,0.341255708262296,23.79469300060974,0.39520127,46152.65826306292,46951.527
10,18.181818181818183,0.4125041230615657,23.79469300060974,0.42179382,46465.42382179255,47301.73
10,19.191919191919194,0.5256495825309414,23.79469300060974,0.44825226,48170.55965966192,47651.945
10,20.202020202020204,0.5070445948496269,23.79469300060974,0.47322795,48026.86065094616,48002.15
10,21.212121212121215,0.5303072755294771,23.79469300060974,0.4982035,44909.48656509229,48352.355
10,22.222222222222225,0.4387933492654619,23.79469300060974,0.5231791,48942.40415259842,48702.566
10,23.232323232323235,0.5177201128042528,23.79469300060974,0.5481547,48937.92465232035,49052.777
10,24.242424242424242,0.48202670172498424,23.79469300060974,0.57313037,49201.22168790941,49402.99
10,25.252525252525253,0.6526812887035159,23.79469300060974,0.59810597,49328.21088324098,49753.195
10,26.262626262626263,0.6926553294667884,23.79469300060974,0.61787987,51357.697853511265,50103.402
10,27.272727272727273,0.6706110013389218,23.79469300060974,0.6245018,51718.02429806431,50453.613
10,28.282828282828284,0.5996158042749685,23.79469300060974,0.6311238,50554.589775754874,50873.105
10,29.292929292929294,0.7394949207551356,23.79469300060974,0.6377456,52311.546243560864,51404.387
10,30.303030303030305,0.668336050958187,23.79469300060974,0.64436764,51529.920639973716,51935.67
10,31.313131313131315,0.6350940406924058,23.79469300060974,0.6509895,51739.09953302557,52606.176
10,32.323232323232325,0.6616721591515013,23.79469300060974,0.65761137,53129.19770174485,53454.637
10,33.333333333333336,0.701758274700672,23.79469300060974,0.6642333,55275.562532458716,54303.098
10,34.343434343434346,0.7384557892014932,23.79469300060974,0.6708553,56043.605144414,55151.56
10,35.35353535353536,0.7399937067480359,23.79469300060974,0.67747724,56300.93346331799,56000.02
10,36.36363636363637,0.6889189058803329,23.79469300060974,0.684099,57230.36867947231,56848.477
10,37.37373737373738,0.831148902293037,23.79469300060974,0.6907209,57758.9329343637,57696.938
10,38.38383838383839,0.7733529482156956,23.79469300060974,0.697343,57358.81171187104,58545.4
10,39.3939393939394,0.7550933831093768,23.79469300060974,0.70396495,59209.81141683402,59393.855
10,40.40404040404041,0.855718277145597,23.79469300060974,0.7105867,60375.950867674655,60242.316
10,41.41414141414142,0.7500041970532818,23.79469300060974,0.7172087,61147.54204776827,61090.777
10,42.42424242424243,0.7362741558220083,23.79469300060974,0.7238306,62419.93037015788,61939.24
10,43.43434343434344,0.8894821833548643,23.79469300060974,0.73045254,62797.144031833675,62787.703
10,44.44444444444445,0.9281822318000983,23.79469300060974,0.7370745,63318.16848334438,63636.156
10,45.45454545454546,0.8178986447119062,23.79469300060974,0.7436963,64934.80751051024,64484.617
10,46.46464646464647,0.8457497030571628,23.79469300060974,0.7503183,64756.129914556586,65333.08
10,47.47474747474748,0.7974313995604052,23.79469300060974,0.7569401,64838.8273294106,66200.79
10,48.484848484848484,0.861443906657063,23.79469300060974,0.7635621,66515.74272874801,67496.09
10,49.494949494949495,0.8434924870824023,23.79469300060974,0.77018404,66912.07166515963,68792.8
10,50.505050505050505,0.867998376651087,23.79469300060974,0.7768059,67980.01755748682,70089.5
10,51.515151515151516,0.8991272819871748,23.79469300060974,0.7834278,69528.95558946164,71386.19
10,52.525252525252526,0.8290623447623962,23.79469300060974,0.7900498,69919.38967211396,72682.89
10,53.535353535353536,0.8709424611273108,23.79469300060974,0.79667175,71462.24030163248,73979.59
10,54.54545454545455,0.8036773091660404,23.79469300060974,0.8032935,70955.03630769617,75276.29
10,55.55555555555556,0.8807314688939002,23.79469300060974,0.80991554,74160.45073062212,76572.984
10,56.56565656565657,0.898215247336332,23.79469300060974,0.8165375,75066.92545243146,77869.68
10,57.57575757575758,0.9185438606875116,23.79469300060974,0.82315946,75387.25120504193,79166.375
10,58.58585858585859,0.9230925061029944,23.79469300060974,0.82978135,78022.26226880423,80463.07
10,59.5959595959596,0.9601488929607166,23.79469300060974,0.8364031,79479.32040748095,81759.77
10,60.60606060606061,0.8416371621008455,23.79469300060974,0.8430251,78132.98098018875,83056.47
10,61.61616161616162,0.8478111060421696,23.79469300060974,0.84964705,80196.66354591568,84353.17
10,62.62626262626263,0.9519217272886976,23.79469300060974,0.8562691,81429.1503598396,85649.87
10,63.63636363636364,0.8267263192665071,23.79469300060974,0.862891,82517.35089888384,86946.57
10,64.64646464646465,0.9408985340579129,23.79469300060974,0.8695127,85565.74703751112,88243.26
10,65.65656565656566,0.8756431648421283,23.79469300060974,0.87613475,85841.52115761404,89539.95
10,66.66666666666667,1.0,23.79469300060974,0.88275653,87089.96446110452,90836.66
10,67.67676767676768,0.9526490713362644,23.79469300060974,0.88937855,86689.80584925748,92133.35
10,68.68686868686869,0.9317245517042498,23.79469300060974,0.89600044,90688.3320603434,93430.05
10,69.6969696969697,1.0,23.79469300060974,0.90262234,90192.95835697145,94726.75
10,70.70707070707071,0.8942939948588402,23.79469300060974,0.9092443,92891.50900900282,96023.44
10,71.71717171717172,0.9060293861497126,23.79469300060974,0.9158664,94528.36984882712,97320.14
10,72.72727272727273,0.8887657211392781,23.79469300060974,0.9224882,97051.1249440608,98616.84
10,73.73737373737374,0.9106323039556237,23.79469300060974,0.92911,95841.17629167708,99913.53
10,74.74747474747475,0.9588972304151204,23.79469300060974,0.9357321,95610.07178277025,101210.24
10,75.75757575757576,0.9824115857804948,23.79469300060974,0.94235367,100313.07763636045,102506.94
10,76.76767676767678,1.0,23.79469300060974,0.9489758,103449.44033135413,103803.625
10,77.77777777777779,0.8699839130933309,23.79469300060974,0.9555977,104427.63346624005,105100.33
10,78.7878787878788,0.9542675913811973,23.79469300060974,0.9622196,104958.1613972534,106397.03
10,79.7979797979798,0.9090226033816937,23.79469300060974,0.96884155,105836.73757024572,107693.734
10,80.80808080808082,0.9556691513258928,23.79469300060974,0.9754634,108735.42503163489,108990.42
10,81.81818181818183,1.0,23.79469300060974,0.9820855,108574.74181963372,110287.125
10,82.82828282828284,0.9833414776735989,23.79469300060974,0.9887072,111664.68827825587,111583.83
10,83.83838383838385,1.0,23.79469300060974,0.99532926,113353.90006284857,112880.53
10,84.84848484848486,1.0,23.79469300060974,1.0019512,115588.79611118391,114177.22
10,85.85858585858587,1.0,23.79469300060974,1.008573,118988.45944782002,115473.92
10,86.86868686868688,0.9512956068906889,23.79469300060974,1.0151951,118341.48548653245,116770.62
10,87.87878787878789,0.9110066091421053,23.79469300060974,1.021817,119180.43290931174,118067.305
10,88.8888888888889,0.9743507845002467,23.79469300060974,1.0284389,121424.20614371366,119364.0
10,89.89898989898991,0.9484874416954187,23.79469300060974,1.0350606,121461.14537712373,120660.7
10,90.90909090909092,0.901618302141094,23.79469300060974,1.0416827,124336.00588225183,121957.4
10,91.91919191919193,0.9908210208721883,23.79469300060974,1.0483046,126441.99121177664,123254.09
10,92.92929292929294,0.9929600420678014,23.79469300060974,1.0549266,128167.79679372482,124550.8
10,93.93939393939395,1.0,23.79469300060974,1.0615485,130704.90851068366,125847.484
10,94.94949494949496,0.9632478767418217,23.79469300060974,1.0681703,131610.85905847905,127144.19
10,95.95959595959597,0.9961246281470018,23.79469300060974,1.0747921,135455.0919156179,128440.89
10,96.96969696969697,0.9495937383759468,23.79469300060974,1.081414,136255.10747586453,129737.586
10,97.97979797979798,1.0,23.79469300060974,1.0880361,138186.49615768154,131034.29
10,98.98989898989899,0.9780424028509387,23.79469300060974,1.0946581,139828.85473540187,132330.98
10,100.0,0.92630220005534,23.79469300060974,1.10128,142292.9500140892,133627.69
